Workbook

Sheet TOB
A1: LOCUS | B1: GENE | C1: ANTIBIOTIC | D1: EFFECT | E1: VALUE | F1: TYPE OF MUTATION | G1: OBSERVACIONES | H1: AND01-001 | I1: AND01-004 | J1: AND01-005 | K1: AND01-006 | L1: AND02-001 | M1: AND02-002 | N1: AND02-003 | O1: AND02-006 | P1: AND03-001 | Q1: AND03-003 | R1: AND03-009 | S1: AND03-012 | T1: AND04-001 | U1: AND04-002 | V1: AND04-003 | W1: AND04-004A | X1: AND05-004 | Y1: AND05-005 | Z1: AND05-008 | AA1: AND05-009 | AB1: AND06-001 | AC1: AND06-002 | AD1: AND06-003 | AE1: AND06-006 | AF1: AND07-001 | AG1: AND07-002 | AH1: AND07-003 | AI1: AND07-005 | AJ1: ARA01-001 | AK1: ARA01-002 | AL1: ARA01-003 | AM1: ARA01-006 | AN1: ARA02-001 | AO1: ARA02-002 | AP1: ARA02-005 | AQ1: ARA02-007 | AR1: ARA03-001 | AS1: ARA03-002 | AT1: ARA03-003 | AU1: ARA03-004 | AV1: AST01-001 | AW1: AST01-003 | AX1: AST01-005 | AY1: AST01-006 | AZ1: BAL01-001 | BA1: BAL01-003 | BB1: BAL01-004 | BC1: BAL01-006 | BD1: BAL02-001 | BE1: BAL02-005 | BF1: BAL02-006 | BG1: BAL02-009 | BH1: BAL03-001 | BI1: BAL03-002 | BJ1: BAL03-003 | BK1: BAL03-006 | BL1: BAL04-001 | BM1: BAL04-002 | BN1: BAL04-003 | BO1: BAL04-004 | BP1: CAN01-001 | BQ1: CAN01-002 | BR1: CAN01-003 | BS1: CAN01-004 | BT1: CAT01-001 | BU1: CAT01-004 | BV1: CAT01-005 | BW1: CAT01-007 | BX1: CAT02-001 | BY1: CAT02-002 | BZ1: CAT02-003 | CA1: CAT02-004 | CB1: CAT03-001 | CC1: CAT03-002 | CD1: CAT03-004 | CE1: CAT03-005 | CF1: CAT04-001 | CG1: CAT04-002 | CH1: CAT04-003 | CI1: CAT04-004 | CJ1: CAT05-001 | CK1: CAT05-002 | CL1: CAT05-003 | CM1: CAT05-004 | CN1: CAT06-001 | CO1: CAT06-004 | CP1: CAT06-005 | CQ1: CAT06-008 | CR1: CAT07-001 | CS1: CAT07-002 | CT1: CAT07-003 | CU1: CAT07-005 | CV1: CAT08-013 | CW1: CAT08-014 | CX1: CAT08-015 | CY1: CAT08-016 | CZ1: CAT09-001 | DA1: CAT09-002 | DB1: CAT09-003 | DC1: CAT09-004 | DD1: CLE01-003 | DE1: CLE01-006 | DF1: CLE01-007 | DG1: CLE01-008 | DH1: CLE02-001 | DI1: CLE02-002 | DJ1: CLE02-004 | DK1: CLE02-006 | DL1: CLE03-003 | DM1: CLE03-004 | DN1: CLE03-005 | DO1: CLE03-006 | DP1: CLM01-001 | DQ1: CLM01-002 | DR1: CLM01-003 | DS1: CLM01-004 | DT1: CLM02-004 | DU1: CLM02-005 | DV1: CLM02-013 | DW1: CLM02-014 | DX1: CVA01-001 | DY1: CVA01-002 | DZ1: CVA01-005 | EA1: CVA01-006 | EB1: CVA02-001 | EC1: CVA02-002 | ED1: CVA02-003 | EE1: CVA02-005 | EF1: CVA03-001 | EG1: CVA03-002 | EH1: CVA03-004 | EI1: CVA03-006 | EJ1: EXT01-001 | EK1: EXT01-003 | EL1: EXT01-004 | EM1: EXT01-005 | EN1: GAL01-001 | EO1: GAL01-002 | EP1: GAL01-003 | EQ1: GAL01-012 | ER1: GAL02-001 | ES1: GAL02-002 | ET1: GAL02-004 | EU1: GAL02-006 | EV1: GAL03-002 | EW1: GAL03-003 | EX1: GAL03-004 | EY1: GAL03-005 | EZ1: GAL04-001 | FA1: GAL04-002 | FB1: GAL04-004 | FC1: GAL04-005 | FD1: GAL05-002 | FE1: GAL05-003 | FF1: GAL05-004 | FG1: GAL05-005 | FH1: GAL06-001 | FI1: GAL06-002 | FJ1: GAL06-003 | FK1: GAL06-004 | FL1: ICA01-001 | FM1: ICA01-002 | FN1: ICA01-003 | FO1: ICA01-004 | FP1: LRJ01-002 | FQ1: LRJ01-005 | FR1: LRJ01-010 | FS1: LRJ01-012 | FT1: MAD01-001 | FU1: MAD01-002 | FV1: MAD01-004 | FW1: MAD01-005 | FX1: MAD02-001 | FY1: MAD02-002 | FZ1: MAD02-004 | GA1: MAD02-005 | GB1: MAD03-001 | GC1: MAD03-002 | GD1: MAD03-004 | GE1: MAD03-005 | GF1: MAD04-001 | GG1: MAD04-002 | GH1: MAD04-003 | GI1: MAD04-004 | GJ1: MAD05-003 | GK1: MAD05-008 | GL1: MAD05-009 | GM1: MAD05-011 | GN1: MAD06-001 | GO1: MAD06-002 | GP1: MAD06-004 | GQ1: MAD06-005 | GR1: MUR01-001 | GS1: MUR01-002 | GT1: MUR01-003 | GU1: MUR01-004 | GV1: NAV01-001 | GW1: NAV01-004 | GX1: NAV01-005 | GY1: NAV01-012 | GZ1: PVA01-003 | HA1: PVA01-006 | HB1: PVA01-007 | HC1: PVA01-011
A2: ACQUIRED | B2: aac, aad, ant | C2: TOB | D2: + | E2: 1 | H2: =VC!C54 -> aac(6')-Ic | I2: =VC!D54 -> 0 | J2: =VC!E54 -> 0 | K2: =VC!F54 -> 0 | L2: =VC!G54 -> 0 | M2: =VC!H54 -> 0 | N2: =VC!I54 -> aac(3)-Ib | O2: =VC!J54 -> 0 | ... HC2: =VC!GX54 -> 0
A3: ACQUIRED | B3: blaOXA, blaNDM, blaVIM, blaIMP, blaCTX-M, blaKPC, blaCMY, blaDHA, blaACC, blaTEM, blaSHV, blaFOX, blaGES, blaIMI, blaOKP, blaOXY, blaPER, blaVEB, blaSMP, blaGIM, blaSIM | C3: CAZ | D3: + | E3: 2 | H3: =VC!C55 -> 0 | I3: =VC!D55 -> 0 | J3: =VC!E55 -> 0 | K3: =VC!F55 -> 0 | L3: =VC!G55 -> 0 | M3: =VC!H55 -> 0 | N3: =VC!I55 -> 0 | O3: =VC!J55 -> 0 | ... HC3: =VC!GX55 -> 0
A4: ACQUIRED | B4: blaNDM, blaSMP, blaGIM, blaSIM, blaVIM, blaIMP, blaKPC, blaGES, blaIMI, blaVEB | C4: MER | D4: + | E4: 2 | H4: =VC!C56 -> 0 | I4: =VC!D56 -> 0 | J4: =VC!E56 -> 0 | K4: =VC!F56 -> 0 | L4: =VC!G56 -> 0 | M4: =VC!H56 -> 0 | N4: =VC!I56 -> 0 | O4: =VC!J56 -> 0 | ... HC4: =VC!GX56 -> 0
A5: ACQUIRED | B5: blaOXA | C5: MER | D5: + | E5: 1 | H5: =VC!C56 -> 0 | I5: =VC!D56 -> 0 | J5: =VC!E56 -> 0 | K5: =VC!F56 -> 0 | L5: =VC!G56 -> 0 | M5: =VC!H56 -> 0 | N5: =VC!I56 -> 0 | O5: =VC!J56 -> 0 | ... HC5: =VC!GX56 -> 0
A6: ACQUIRED | B6: aac(6')-Ib-cr, oqx, qepA, qnr, crpP | C6: CIP | D6: + | E6: 1 | H6: =VC!C57 -> 0 | I6: =VC!D57 -> 0 | J6: =VC!E57 -> 0 | K6: =VC!F57 -> 0 | L6: =VC!G57 -> 0 | M6: =VC!H57 -> 0 | N6: =VC!I57 -> 0 | O6: =VC!J57 -> 0 | ... HC6: =VC!GX57 -> 0
A7: ACQUIRED | B7: blaNDM, blaSMP, blaGIM, blaSIM, blaVIM, blaIMP, blaKPC, blaGES, blaIMI, blaVEB, blaOXA (espectro extendido) | C7: C/T | D7: + | E7: 2 | H7: =VC!C58 -> 0 | I7: =VC!D58 -> 0 | J7: =VC!E58 -> 0 | K7: =VC!F58 -> 0 | L7: =VC!G58 -> 0 | M7: =VC!H58 -> 0 | N7: =VC!I58 -> 0 | O7: =VC!J58 -> 0 | ... HC7: =VC!GX58 -> 0
A8: PA0004 | B8: gyrB | C8: CIP | D8: + | E8: 1 | F8: Gain of function | G8: SOLO REGION QRDR (466-468) | H8: =VC!C2 -> 0 | I8: =VC!D2 -> 0 | J8: =VC!E2 -> 0 | K8: =VC!F2 -> 0 | L8: =VC!G2 -> 0 | M8: =VC!H2 -> 0 | N8: =VC!I2 -> E468D | O8: =VC!J2 -> 0 | ... HC8: =VC!GX2 -> 0
A9: PA0424 | B9: mexR | C9: CAZ | D9: + | E9: 0,5/0,25 | F9: Loss of function | G9: DOBLE SCORE | H9: =VC!C4 -> 0 | I9: =VC!D4 -> 0 | J9: =VC!E4 -> 0 | K9: =VC!F4 -> 0 | L9: =VC!G4 -> 0 | M9: =VC!H4 -> 0 | N9: =VC!I4 -> 0 | O9: =VC!J4 -> 0 | ... HC9: =VC!GX4 -> 0
A10: PA0424 | B10: mexR | C10: MER | D10: + | E10: 0,5/0,25 | F10: Loss of function | G10: DOBLE SCORE | H10: =VC!C4 -> 0 | I10: =VC!D4 -> 0 | J10: =VC!E4 -> 0 | K10: =VC!F4 -> 0 | L10: =VC!G4 -> 0 | M10: =VC!H4 -> 0 | N10: =VC!I4 -> 0 | O10: =VC!J4 -> 0 | ... HC10: =VC!GX4 -> 0
A11: PA0424 | B11: mexR | C11: CIP | D11: + | E11: 0,5/0,25 | F11: Loss of function | G11: DOBLE SCORE | H11: =VC!C4 -> 0 | I11: =VC!D4 -> 0 | J11: =VC!E4 -> 0 | K11: =VC!F4 -> 0 | L11: =VC!G4 -> 0 | M11: =VC!H4 -> 0 | N11: =VC!I4 -> 0 | O11: =VC!J4 -> 0 | ... HC11: =VC!GX4 -> 0
A12: PA0424 | B12: mexR | C12: C/T | D12: + | E12: 0,25/0,125 | F12: Loss of function | G12: DOBLE SCORE | H12: =VC!C4 -> 0 | I12: =VC!D4 -> 0 | J12: =VC!E4 -> 0 | K12: =VC!F4 -> 0 | L12: =VC!G4 -> 0 | M12: =VC!H4 -> 0 | N12: =VC!I4 -> 0 | O12: =VC!J4 -> 0 | ... HC12: =VC!GX4 -> 0
A13: PA0425 | B13: mexA | C13: CAZ | D13: - | E13: -0.5 | F13: Loss of function | G13: SOLO STOP CODON/FS | H13: =VC!C5 -> 0 | I13: =VC!D5 -> 0 | J13: =VC!E5 -> D373N | K13: =VC!F5 -> 0 | L13: =VC!G5 -> 0 | M13: =VC!H5 -> 0 | N13: =VC!I5 -> 0 | O13: =VC!J5 -> 0 | ... HC13: =VC!GX5 -> 0
A14: PA0425 | B14: mexA | C14: MER | D14: - | E14: -0.5 | F14: Loss of function | G14: SOLO STOP CODON/FS | H14: =VC!C5 -> 0 | I14: =VC!D5 -> 0 | J14: =VC!E5 -> D373N | K14: =VC!F5 -> 0 | L14: =VC!G5 -> 0 | M14: =VC!H5 -> 0 | N14: =VC!I5 -> 0 | O14: =VC!J5 -> 0 | ... HC14: =VC!GX5 -> 0
A15: PA0425 | B15: mexA | C15: CIP | D15: - | E15: -0.5 | F15: Loss of function | G15: SOLO STOP CODON/FS | H15: =VC!C5 -> 0 | I15: =VC!D5 -> 0 | J15: =VC!E5 -> D373N | K15: =VC!F5 -> 0 | L15: =VC!G5 -> 0 | M15: =VC!H5 -> 0 | N15: =VC!I5 -> 0 | O15: =VC!J5 -> 0 | ... HC15: =VC!GX5 -> 0
A16: PA0425 | B16: mexA | C16: C/T | D16: - | E16: -0.25 | F16: Loss of function | G16: SOLO STOP CODON/FS | H16: =VC!C5 -> 0 | I16: =VC!D5 -> 0 | J16: =VC!E5 -> D373N | K16: =VC!F5 -> 0 | L16: =VC!G5 -> 0 | M16: =VC!H5 -> 0 | N16: =VC!I5 -> 0 | O16: =VC!J5 -> 0 | ... HC16: =VC!GX5 -> 0
A17: PA0426 | B17: mexB | C17: CAZ | D17: - | E17: -0.5 | F17: Loss of function | G17: SOLO STOP CODON/FS | H17: =VC!C6 -> 0 | I17: =VC!D6 -> 0 | J17: =VC!E6 -> 0 | K17: =VC!F6 -> 0 | L17: =VC!G6 -> 0 | M17: =VC!H6 -> 0 | N17: =VC!I6 -> G957D | O17: =VC!J6 -> 0 | ... HC17: =VC!GX6 -> 0
A18: PA0426 | B18: mexB | C18: MER | D18: - | E18: -0.5 | F18: Loss of function | G18: SOLO STOP CODON/FS | H18: =VC!C6 -> 0 | I18: =VC!D6 -> 0 | J18: =VC!E6 -> 0 | K18: =VC!F6 -> 0 | L18: =VC!G6 -> 0 | M18: =VC!H6 -> 0 | N18: =VC!I6 -> G957D | O18: =VC!J6 -> 0 | ... HC18: =VC!GX6 -> 0
A19: PA0426 | B19: mexB | C19: CIP | D19: - | E19: -0.5 | F19: Loss of function | G19: SOLO STOP CODON/FS | H19: =VC!C6 -> 0 | I19: =VC!D6 -> 0 | J19: =VC!E6 -> 0 | K19: =VC!F6 -> 0 | L19: =VC!G6 -> 0 | M19: =VC!H6 -> 0 | N19: =VC!I6 -> G957D | O19: =VC!J6 -> 0 | ... HC19: =VC!GX6 -> 0
A20: PA0426 | B20: mexB | C20: C/T | D20: - | E20: -0.25 | F20: Loss of function | G20: SOLO STOP CODON/FS | H20: =VC!C6 -> 0 | I20: =VC!D6 -> 0 | J20: =VC!E6 -> 0 | K20: =VC!F6 -> 0 | L20: =VC!G6 -> 0 | M20: =VC!H6 -> 0 | N20: =VC!I6 -> G957D | O20: =VC!J6 -> 0 | ... HC20: =VC!GX6 -> 0
A21: PA0427 | B21: oprM | C21: TOB | D21: - | E21: -0.5 | F21: Loss of function | G21: SOLO STOP CODON/FS | H21: =VC!C7 -> 0 | I21: =VC!D7 -> 0 | J21: =VC!E7 -> 0 | K21: =VC!F7 -> 0 | L21: =VC!G7 -> 0 | M21: =VC!H7 -> 0 | N21: =VC!I7 -> 0 | O21: =VC!J7 -> 0 | ... HC21: =VC!GX7 -> 0
A22: PA0427 | B22: oprM | C22: CAZ | D22: - | E22: -0.5 | F22: Loss of function | G22: SOLO STOP CODON/FS | H22: =VC!C7 -> 0 | I22: =VC!D7 -> 0 | J22: =VC!E7 -> 0 | K22: =VC!F7 -> 0 | L22: =VC!G7 -> 0 | M22: =VC!H7 -> 0 | N22: =VC!I7 -> 0 | O22: =VC!J7 -> 0 | ... HC22: =VC!GX7 -> 0
A23: PA0427 | B23: oprM | C23: MER | D23: - | E23: -0.5 | F23: Loss of function | G23: SOLO STOP CODON/FS | H23: =VC!C7 -> 0 | I23: =VC!D7 -> 0 | J23: =VC!E7 -> 0 | K23: =VC!F7 -> 0 | L23: =VC!G7 -> 0 | M23: =VC!H7 -> 0 | N23: =VC!I7 -> 0 | O23: =VC!J7 -> 0 | ... HC23: =VC!GX7 -> 0
A24: PA0427 | B24: oprM | C24: CIP | D24: - | E24: -0.5 | F24: Loss of function | G24: SOLO STOP CODON/FS | H24: =VC!C7 -> 0 | I24: =VC!D7 -> 0 | J24: =VC!E7 -> 0 | K24: =VC!F7 -> 0 | L24: =VC!G7 -> 0 | M24: =VC!H7 -> 0 | N24: =VC!I7 -> 0 | O24: =VC!J7 -> 0 | ... HC24: =VC!GX7 -> 0
A25: PA0427 | B25: oprM | C25: C/T | D25: - | E25: -0.25 | F25: Loss of function | G25: SOLO STOP CODON/FS | H25: =VC!C7 -> 0 | I25: =VC!D7 -> 0 | J25: =VC!E7 -> 0 | K25: =VC!F7 -> 0 | L25: =VC!G7 -> 0 | M25: =VC!H7 -> 0 | N25: =VC!I7 -> 0 | O25: =VC!J7 -> 0 | ... HC25: =VC!GX7 -> 0
A26: PA0807 | B26: ampDh3 | C26: CAZ | D26: + | E26: 0,25/0,125 | F26: Loss of function | G26: DOBLE SCORE | H26: =VC!C8 -> 0 | I26: =VC!D8 -> 0 | J26: =VC!E8 -> 0 | K26: =VC!F8 -> 0 | L26: =VC!G8 -> 0 | M26: =VC!H8 -> 0 | N26: =VC!I8 -> 0 | O26: =VC!J8 -> 0 | ... HC26: =VC!GX8 -> 0
A27: PA0958 | B27: oprD | C27: MER | D27: + | E27: 0,5/0,25 | F27: Loss of function | G27: DOBLE SCORE | H27: =VC!C10 -> nt473∆14 | I27: =VC!D10 -> 0 | J27: =VC!E10 -> 0 | K27: =VC!F10 -> 0 | L27: =VC!G10 -> W138X | M27: =VC!H10 -> 0 | N27: =VC!I10 -> nt1056∆1 | O27: =VC!J10 -> 0 | ... HC27: =VC!GX10 -> 0
A28: PA1798 | B28: parS | C28: TOB | D28: + | E28: 0,5/0,25 | F28: Gain of function | G28: DOBLE SCORE (L14Q, V101M, L137P, A138T, A168V, Q232E, G361R) | H28: =VC!C14 -> L79P | I28: =VC!D14 -> 0 | J28: =VC!E14 -> V238L | K28: =VC!F14 -> 0 | L28: =VC!G14 -> 0 | M28: =VC!H14 -> 0 | N28: =VC!I14 -> L137P; V216A | O28: =VC!J14 -> 0 | ... HC28: =VC!GX14 -> 0
A29: PA1798 | B29: parS | C29: MER | D29: + | E29: 0,5/0,25 | F29: Gain of function | G29: DOBLE SCORE (L14Q, V101M, L137P, A138T, A168V, Q232E, G361R) | H29: =VC!C14 -> L79P | I29: =VC!D14 -> 0 | J29: =VC!E14 -> V238L | K29: =VC!F14 -> 0 | L29: =VC!G14 -> 0 | M29: =VC!H14 -> 0 | N29: =VC!I14 -> L137P; V216A | O29: =VC!J14 -> 0 | ... HC29: =VC!GX14 -> 0
A30: PA1798 | B30: parS | C30: CIP | D30: + | E30: 0,25/0,125 | F30: Gain of function | G30: DOBLE SCORE (L14Q, V101M, L137P, A138T, A168V, Q232E, G361R) | H30: =VC!C14 -> L79P | I30: =VC!D14 -> 0 | J30: =VC!E14 -> V238L | K30: =VC!F14 -> 0 | L30: =VC!G14 -> 0 | M30: =VC!H14 -> 0 | N30: =VC!I14 -> L137P; V216A | O30: =VC!J14 -> 0 | ... HC30: =VC!GX14 -> 0
A31: PA1799 | B31: parR | C31: TOB | D31: + | E31: 0,5/0,25 | F31: Gain of function | G31: DOBLE SCORE (M59I, E156K) | H31: =VC!C15 -> 0 | I31: =VC!D15 -> 0 | J31: =VC!E15 -> 0 | K31: =VC!F15 -> 0 | L31: =VC!G15 -> 0 | M31: =VC!H15 -> 0 | N31: =VC!I15 -> 0 | O31: =VC!J15 -> 0 | ... HC31: =VC!GX15 -> R178C
A32: PA1799 | B32: parR | C32: MER | D32: + | E32: 0,5/0,25 | F32: Gain of function | G32: DOBLE SCORE (M59I, E156K) | H32: =VC!C15 -> 0 | I32: =VC!D15 -> 0 | J32: =VC!E15 -> 0 | K32: =VC!F15 -> 0 | L32: =VC!G15 -> 0 | M32: =VC!H15 -> 0 | N32: =VC!I15 -> 0 | O32: =VC!J15 -> 0 | ... HC32: =VC!GX15 -> R178C
A33: PA1799 | B33: parR | C33: CIP | D33: + | E33: 0,25/0,125 | F33: Gain of function | G33: DOBLE SCORE (M59I, E156K) | H33: =VC!C15 -> 0 | I33: =VC!D15 -> 0 | J33: =VC!E15 -> 0 | K33: =VC!F15 -> 0 | L33: =VC!G15 -> 0 | M33: =VC!H15 -> 0 | N33: =VC!I15 -> 0 | O33: =VC!J15 -> 0 | ... HC33: =VC!GX15 -> R178C
A34: PA2018 | B34: mexY | C34: TOB | D34: - | E34: -0.5 | F34: Loss of function | G34: SÓLO STOP CODON/ FS | H34: =VC!C16 -> D428N | I34: =VC!D16 -> 0 | J34: =VC!E16 -> 0 | K34: =VC!F16 -> A708T | L34: =VC!G16 -> D428N | M34: =VC!H16 -> L239P | N34: =VC!I16 -> 0 | O34: =VC!J16 -> R1033L | ... HC34: =VC!GX16 -> 0
A35: PA2018 | B35: mexY | C35: MER | D35: - | E35: -0.5 | F35: Loss of function | G35: SÓLO STOP CODON/ FS | H35: =VC!C16 -> D428N | I35: =VC!D16 -> 0 | J35: =VC!E16 -> 0 | K35: =VC!F16 -> A708T | L35: =VC!G16 -> D428N | M35: =VC!H16 -> L239P | N35: =VC!I16 -> 0 | O35: =VC!J16 -> R1033L | ... HC35: =VC!GX16 -> 0
A36: PA2018 | B36: mexY | C36: CIP | D36: - | E36: -0.25 | F36: Loss of function | G36: SÓLO STOP CODON/ FS | H36: =VC!C16 -> D428N | I36: =VC!D16 -> 0 | J36: =VC!E16 -> 0 | K36: =VC!F16 -> A708T | L36: =VC!G16 -> D428N | M36: =VC!H16 -> L239P | N36: =VC!I16 -> 0 | O36: =VC!J16 -> R1033L | ... HC36: =VC!GX16 -> 0
A37: PA2019 | B37: mexX | C37: TOB | D37: - | E37: -0.5 | F37: Loss of function | G37: SÓLO STOP CODON/ FS | H37: =VC!C17 -> 0 | I37: =VC!D17 -> 0 | J37: =VC!E17 -> 0 | K37: =VC!F17 -> 0 | L37: =VC!G17 -> 0 | M37: =VC!H17 -> 0 | N37: =VC!I17 -> 0 | O37: =VC!J17 -> 0 | ... HC37: =VC!GX17 -> 0
A38: PA2019 | B38: mexX | C38: MER | D38: - | E38: -0.5 | F38: Loss of function | G38: SÓLO STOP CODON/ FS | H38: =VC!C17 -> 0 | I38: =VC!D17 -> 0 | J38: =VC!E17 -> 0 | K38: =VC!F17 -> 0 | L38: =VC!G17 -> 0 | M38: =VC!H17 -> 0 | N38: =VC!I17 -> 0 | O38: =VC!J17 -> 0 | ... HC38: =VC!GX17 -> 0
A39: PA2019 | B39: mexX | C39: CIP | D39: - | E39: -0.25 | F39: Loss of function | G39: SÓLO STOP CODON/ FS | H39: =VC!C17 -> 0 | I39: =VC!D17 -> 0 | J39: =VC!E17 -> 0 | K39: =VC!F17 -> 0 | L39: =VC!G17 -> 0 | M39: =VC!H17 -> 0 | N39: =VC!I17 -> 0 | O39: =VC!J17 -> 0 | ... HC39: =VC!GX17 -> 0
A40: PA2020 | B40: mexZ | C40: TOB | D40: + | E40: 0,5/0,25 | F40: Loss of function | G40: DOBLE SCORE | H40: =VC!C18 -> 0 | I40: =VC!D18 -> D83E | J40: =VC!E18 -> 0 | K40: =VC!F18 -> 0 | L40: =VC!G18 -> aa103∆1 | M40: =VC!H18 -> 0 | N40: =VC!I18 -> aa163InsY | O40: =VC!J18 -> 0 | ... HC40: =VC!GX18 -> 0
A41: PA2020 | B41: mexZ | C41: MER | D41: + | E41: 0,5/0,25 | F41: Loss of function | G41: DOBLE SCORE | H41: =VC!C18 -> 0 | I41: =VC!D18 -> D83E | J41: =VC!E18 -> 0 | K41: =VC!F18 -> 0 | L41: =VC!G18 -> aa103∆1 | M41: =VC!H18 -> 0 | N41: =VC!I18 -> aa163InsY | O41: =VC!J18 -> 0 | ... HC41: =VC!GX18 -> 0
A42: PA2020 | B42: mexZ | C42: CIP | D42: + | E42: 0,25/0,125 | F42: Loss of function | G42: DOBLE SCORE | H42: =VC!C18 -> 0 | I42: =VC!D18 -> D83E | J42: =VC!E18 -> 0 | K42: =VC!F18 -> 0 | L42: =VC!G18 -> aa103∆1 | M42: =VC!H18 -> 0 | N42: =VC!I18 -> aa163InsY | O42: =VC!J18 -> 0 | ... HC42: =VC!GX18 -> 0
A43: PA2023 | B43: galU | C43: TOB | D43: - | E43: -0,5/-0,25 | F43: Loss of function | G43: DOBLE SCORE | H43: =VC!C19 -> 0 | I43: =VC!D19 -> 0 | J43: =VC!E19 -> 0 | K43: =VC!F19 -> 0 | L43: =VC!G19 -> 0 | M43: =VC!H19 -> 0 | N43: =VC!I19 -> 0 | O43: =VC!J19 -> 0 | ... HC43: =VC!GX19 -> 0
A44: PA2023 | B44: galU | C44: CAZ | D44: + | E44: 0,5/0,25 | F44: Loss of function | G44: DOBLE SCORE | H44: =VC!C19 -> 0 | I44: =VC!D19 -> 0 | J44: =VC!E19 -> 0 | K44: =VC!F19 -> 0 | L44: =VC!G19 -> 0 | M44: =VC!H19 -> 0 | N44: =VC!I19 -> 0 | O44: =VC!J19 -> 0 | ... HC44: =VC!GX19 -> 0
A45: PA2023 | B45: galU | C45: MER | D45: + | E45: 0,5/0,25 | F45: Loss of function | G45: DOBLE SCORE | H45: =VC!C19 -> 0 | I45: =VC!D19 -> 0 | J45: =VC!E19 -> 0 | K45: =VC!F19 -> 0 | L45: =VC!G19 -> 0 | M45: =VC!H19 -> 0 | N45: =VC!I19 -> 0 | O45: =VC!J19 -> 0 | ... HC45: =VC!GX19 -> 0
A46: PA2023 | B46: galU | C46: C/T | D46: + | E46: 0,5/0,25 | F46: Loss of function | G46: DOBLE SCORE | H46: =VC!C19 -> 0 | I46: =VC!D19 -> 0 | J46: =VC!E19 -> 0 | K46: =VC!F19 -> 0 | L46: =VC!G19 -> 0 | M46: =VC!H19 -> 0 | N46: =VC!I19 -> 0 | O46: =VC!J19 -> 0 | ... HC46: =VC!GX19 -> 0
A47: PA2491 | B47: mexS* (mexT tiene que ser funcional!) | C47: MER | D47: + | E47: 0,5/0,25 | F47: Loss of function | G47: DOBLE SCORE | H47: =VC!C21 -> 0 | I47: =VC!D21 -> 0 | J47: =VC!E21 -> 0 | K47: =VC!F21 -> 0 | L47: =VC!G21 -> 0 | M47: =VC!H21 -> 0 | N47: =VC!I21 -> 0 | O47: =VC!J21 -> 0 | ... HC47: =VC!GX21 -> S84F
A48: PA2491 | B48: mexS* (mexT Y LA BOMBA tiene que ser funcional!) | C48: CIP | D48: + | E48: 1/0,5 | F48: Loss of function | G48: DOBLE SCORE | H48: =VC!C21 -> 0 | I48: =VC!D21 -> 0 | J48: =VC!E21 -> 0 | K48: =VC!F21 -> 0 | L48: =VC!G21 -> 0 | M48: =VC!H21 -> 0 | N48: =VC!I21 -> 0 | O48: =VC!J21 -> 0 | ... HC48: =VC!GX21 -> S84F
A49: PA2492 | B49: mexT* (Tiene que ser funcional!!) | C49: MER | D49: + | E49: 0,5/0,25 | F49: Gain of function | G49: DOBLE SCORE (G257S, G257A) | H49: =VC!C22 -> nt234∆8 | I49: =VC!D22 -> nt234∆8 | J49: =VC!E22 -> nt234∆8 | K49: =VC!F22 -> nt234∆8 | L49: =VC!G22 -> nt234∆8 | M49: =VC!H22 -> nt234∆8 | N49: =VC!I22 -> nt234∆8 | O49: =VC!J22 -> nt234∆8 | ... HC49: =VC!GX22 -> nt234∆8
A50: PA2492 | B50: mexT* (mexT Y LA BOMBA tiene que ser funcional!) | C50: CIP | D50: + | E50: 1/0,5 | F50: Gain of function | G50: DOBLE SCORE (G257S, G257A) | H50: =VC!C22 -> nt234∆8 | I50: =VC!D22 -> nt234∆8 | J50: =VC!E22 -> nt234∆8 | K50: =VC!F22 -> nt234∆8 | L50: =VC!G22 -> nt234∆8 | M50: =VC!H22 -> nt234∆8 | N50: =VC!I22 -> nt234∆8 | O50: =VC!J22 -> nt234∆8 | ... HC50: =VC!GX22 -> nt234∆8
A51: PA2493 | B51: mexE | C51: CIP | D51: - | F51: Loss of function | G51: SÓLO COMPROBAR SI ESTÁ ACTIVA | H51: =VC!C23 -> 0 | I51: =VC!D23 -> 0 | J51: =VC!E23 -> 0 | K51: =VC!F23 -> G282S | L51: =VC!G23 -> 0 | M51: =VC!H23 -> 0 | N51: =VC!I23 -> 0 | O51: =VC!J23 -> 0 | ... HC51: =VC!GX23 -> 0
A52: PA2494 | B52: mexF | C52: CIP | D52: - | F52: Loss of function | H52: =VC!C24 -> 0 | I52: =VC!D24 -> 0 | J52: =VC!E24 -> 0 | K52: =VC!F24 -> 0 | L52: =VC!G24 -> 0 | M52: =VC!H24 -> 0 | N52: =VC!I24 -> 0 | O52: =VC!J24 -> 0 | ... HC52: =VC!GX24 -> 0
A53: PA2495 | B53: oprN | C53: CIP | D53: - | F53: Loss of function | H53: =VC!C25 -> 0 | I53: =VC!D25 -> A12T | J53: =VC!E25 -> 0 | K53: =VC!F25 -> 0 | L53: =VC!G25 -> 0 | M53: =VC!H25 -> 0 | N53: =VC!I25 -> 0 | O53: =VC!J25 -> 0 | ... HC53: =VC!GX25 -> 0
A54: PA3047 | B54: dacB/PBP4 | C54: CAZ | D54: + | E54: 1/0,5 | F54: Loss of function | G54: DOBLE SCORE | H54: =VC!C26 -> T428P | I54: =VC!D26 -> 0 | J54: =VC!E26 -> 0 | K54: =VC!F26 -> 0 | L54: =VC!G26 -> 0 | M54: =VC!H26 -> 0 | N54: =VC!I26 -> 0 | O54: =VC!J26 -> 0 | ... FK54: =VC!FF26 -> 0 | FL54: Q212K | FM54: =VC!FH26 -> 0 | FN54: =VC!FI26 -> 0 | FO54: =VC!FJ26 -> 0 | FP54: =VC!FK26 -> 0 | FQ54: =VC!FL26 -> 0 | FR54: =VC!FM26 -> 0 | FS54: =VC!FN26 -> 0 | FT54: =VC!FO26 -> 0 | ... HC54: =VC!GX26 -> 0
A55: PA3047 | B55: dacB/PBP4 | C55: MER | D55: + | E55: 0,25/0,125 | F55: Loss of function | G55: DOBLE SCORE | H55: =VC!C26 -> T428P | I55: =VC!D26 -> 0 | J55: =VC!E26 -> 0 | K55: =VC!F26 -> 0 | L55: =VC!G26 -> 0 | M55: =VC!H26 -> 0 | N55: =VC!I26 -> 0 | O55: =VC!J26 -> 0 | ... FK55: =VC!FF26 -> 0 | FL55: Q212K | FM55: =VC!FH26 -> 0 | FN55: =VC!FI26 -> 0 | FO55: =VC!FJ26 -> 0 | FP55: =VC!FK26 -> 0 | FQ55: =VC!FL26 -> 0 | FR55: =VC!FM26 -> 0 | FS55: =VC!FN26 -> 0 | FT55: =VC!FO26 -> 0 | ... HC55: =VC!GX26 -> 0
A56: PA3047 | B56: dacB/PBP4 | C56: C/T | D56: + | E56: 0,25/0,125 | F56: Loss of function | G56: DOBLE SCORE | H56: =VC!C26 -> T428P | I56: =VC!D26 -> 0 | J56: =VC!E26 -> 0 | K56: =VC!F26 -> 0 | L56: =VC!G26 -> 0 | M56: =VC!H26 -> 0 | N56: =VC!I26 -> 0 | O56: =VC!J26 -> 0 | ... FK56: =VC!FF26 -> 0 | FL56: Q212K | FM56: =VC!FH26 -> 0 | FN56: =VC!FI26 -> 0 | FO56: =VC!FJ26 -> 0 | FP56: =VC!FK26 -> 0 | FQ56: =VC!FL26 -> 0 | FR56: =VC!FM26 -> 0 | FS56: =VC!FN26 -> 0 | FT56: =VC!FO26 -> 0 | ... HC56: =VC!GX26 -> 0
A57: PA3168 | B57: gyrA | C57: CIP | D57: + | E57: 1 | F57: Gain of function | G57: SOLO QRDR (81, 83, 86, 87, 106) | H57: =VC!C27 -> T83I | I57: =VC!D27 -> 0 | J57: =VC!E27 -> 0 | K57: =VC!F27 -> 0 | L57: =VC!G27 -> T83I | M57: =VC!H27 -> 0 | N57: =VC!I27 -> T83I | O57: =VC!J27 -> 0 | ... HC57: =VC!GX27 -> 0
A58: PA3574 | B58: nalD | C58: CAZ | D58: + | E58: 0,5/0,25 | F58: Loss of function | G58: DOBLE SCORE | H58: =VC!C28 -> 0 | I58: =VC!D28 -> 0 | J58: =VC!E28 -> 0 | K58: =VC!F28 -> 0 | L58: =VC!G28 -> 0 | M58: =VC!H28 -> 0 | N58: =VC!I28 -> 0 | O58: =VC!J28 -> 0 | ... HC58: =VC!GX28 -> 0
A59: PA3574 | B59: nalD | C59: MER | D59: + | E59: 0,5/0,25 | F59: Loss of function | G59: DOBLE SCORE | H59: =VC!C28 -> 0 | I59: =VC!D28 -> 0 | J59: =VC!E28 -> 0 | K59: =VC!F28 -> 0 | L59: =VC!G28 -> 0 | M59: =VC!H28 -> 0 | N59: =VC!I28 -> 0 | O59: =VC!J28 -> 0 | ... HC59: =VC!GX28 -> 0
A60: PA3574 | B60: nalD | C60: CIP | D60: + | E60: 0,5/0,25 | F60: Loss of function | G60: DOBLE SCORE | H60: =VC!C28 -> 0 | I60: =VC!D28 -> 0 | J60: =VC!E28 -> 0 | K60: =VC!F28 -> 0 | L60: =VC!G28 -> 0 | M60: =VC!H28 -> 0 | N60: =VC!I28 -> 0 | O60: =VC!J28 -> 0 | ... HC60: =VC!GX28 -> 0
A61: PA3574 | B61: nalD | C61: C/T | D61: + | E61: 0,25/0,125 | F61: Loss of function | G61: DOBLE SCORE | H61: =VC!C28 -> 0 | I61: =VC!D28 -> 0 | J61: =VC!E28 -> 0 | K61: =VC!F28 -> 0 | L61: =VC!G28 -> 0 | M61: =VC!H28 -> 0 | N61: =VC!I28 -> 0 | O61: =VC!J28 -> 0 | ... HC61: =VC!GX28 -> 0
A62: PA3721 | B62: nalC | C62: CAZ | D62: + | E62: 0,5/0,25 | F62: Loss of function | G62: DOBLE SCORE | H62: =VC!C29 -> 0 | I62: =VC!D29 -> T50P | J62: =VC!E29 -> 0 | K62: =VC!F29 -> 0 | L62: =VC!G29 -> 0 | M62: =VC!H29 -> E153Q | N62: =VC!I29 -> 0 | O62: =VC!J29 -> 0 | ... HC62: =VC!GX29 -> 0
A63: PA3721 | B63: nalC | C63: MER | D63: + | E63: 0,5/0,25 | F63: Loss of function | G63: DOBLE SCORE | H63: =VC!C29 -> 0 | I63: =VC!D29 -> T50P | J63: =VC!E29 -> 0 | K63: =VC!F29 -> 0 | L63: =VC!G29 -> 0 | M63: =VC!H29 -> E153Q | N63: =VC!I29 -> 0 | O63: =VC!J29 -> 0 | ... HC63: =VC!GX29 -> 0
A64: PA3721 | B64: nalC | C64: CIP | D64: + | E64: 0,5/0,25 | F64: Loss of function | G64: DOBLE SCORE | H64: =VC!C29 -> 0 | I64: =VC!D29 -> T50P | J64: =VC!E29 -> 0 | K64: =VC!F29 -> 0 | L64: =VC!G29 -> 0 | M64: =VC!H29 -> E153Q | N64: =VC!I29 -> 0 | O64: =VC!J29 -> 0 | ... HC64: =VC!GX29 -> 0
A65: PA3721 | B65: nalC | C65: C/T | D65: + | E65: 0,25/0,125 | F65: Loss of function | G65: DOBLE SCORE | H65: =VC!C29 -> 0 | I65: =VC!D29 -> T50P | J65: =VC!E29 -> 0 | K65: =VC!F29 -> 0 | L65: =VC!G29 -> 0 | M65: =VC!H29 -> E153Q | N65: =VC!I29 -> 0 | O65: =VC!J29 -> 0 | ... HC65: =VC!GX29 -> 0
A66: PA3999 | B66: dacC/PBP5 | C66: CAZ | D66: + | E66: 0.25 | F66: Gain of function | G66: NO INDEL/CODON STOP | H66: =VC!C30 -> 0 | I66: =VC!D30 -> 0 | J66: =VC!E30 -> 0 | K66: =VC!F30 -> 0 | L66: =VC!G30 -> 0 | M66: =VC!H30 -> 0 | N66: =VC!I30 -> 0 | O66: =VC!J30 -> 0 | ... HC66: =VC!GX30 -> 0
A67: PA4003 | B67: pbpA/PBP2 | C67: MER | D67: + | E67: 0.25 | F67: Gain of function | G67: NO INDEL/CODON STOP | H67: =VC!C31 -> 0 | I67: =VC!D31 -> 0 | J67: =VC!E31 -> 0 | K67: =VC!F31 -> 0 | L67: =VC!G31 -> 0 | M67: =VC!H31 -> 0 | N67: =VC!I31 -> 0 | O67: =VC!J31 -> 0 | ... HC67: =VC!GX31 -> 0
A68: PA4020 | B68: mpl | C68: CAZ | D68: + | E68: 0,5/0,25 | F68: Loss of function | G68: DOBLE SCORE | H68: =VC!C32 -> 0 | I68: =VC!D32 -> 0 | J68: =VC!E32 -> A356V | K68: =VC!F32 -> 0 | L68: =VC!G32 -> 0 | M68: =VC!H32 -> 0 | N68: =VC!I32 -> 0 | O68: =VC!J32 -> D411A | ... HC68: =VC!GX32 -> 0
A69: PA4020 | B69: mpl | C69: MER | D69: + | E69: 0,25/0,125 | F69: Loss of function | G69: DOBLE SCORE | H69: =VC!C32 -> 0 | I69: =VC!D32 -> 0 | J69: =VC!E32 -> A356V | K69: =VC!F32 -> 0 | L69: =VC!G32 -> 0 | M69: =VC!H32 -> 0 | N69: =VC!I32 -> 0 | O69: =VC!J32 -> D411A | ... HC69: =VC!GX32 -> 0
A70: PA4020 | B70: mpl | C70: C/T | D70: + | E70: 0,25/0,125 | F70: Loss of function | G70: DOBLE SCORE | H70: =VC!C32 -> 0 | I70: =VC!D32 -> 0 | J70: =VC!E32 -> A356V | K70: =VC!F32 -> 0 | L70: =VC!G32 -> 0 | M70: =VC!H32 -> 0 | N70: =VC!I32 -> 0 | O70: =VC!J32 -> D411A | ... HC70: =VC!GX32 -> 0
A71: PA4109 | B71: ampR | C71: CAZ | D71: + | E71: 1 | F71: Gain of function | G71: ONLY: D135N, G154R | H71: =VC!C33 -> 0 | I71: =VC!D33 -> 0 | J71: =VC!E33 -> 0 | K71: =VC!F33 -> 0 | L71: =VC!G33 -> 0 | M71: =VC!H33 -> 0 | N71: =VC!I33 -> 0 | O71: =VC!J33 -> 0 | ... BJ71: =VC!BE33 -> 0 | BL71: =VC!BG33 -> 0 | BM71: =VC!BH33 -> G295R | BN71: =VC!BI33 -> D135G | BO71: =VC!BJ33 -> 0 | BP71: =VC!BK33 -> 0 | BQ71: =VC!BL33 -> 0 | BR71: =VC!BM33 -> 0 | BS71: =VC!BN33 -> 0 | ... DX71: =VC!DS33 -> 0 | DZ71: =VC!DU33 -> 0 | EA71: =VC!DV33 -> 0 | EB71: =VC!DW33 -> A175V | EC71: =VC!DX33 -> G295R | ED71: =VC!DY33 -> 0 | EE71: =VC!DZ33 -> 0 | EF71: =VC!EA33 -> 0 | EG71: =VC!EB33 -> 0 | ... HC71: =VC!GX33 -> 0
A72: PA4109 | B72: ampR | C72: MER | D72: + | E72: 0.25 | F72: Gain of function | G72: ONLY: D135N, G154R | H72: =VC!C33 -> 0 | I72: =VC!D33 -> 0 | J72: =VC!E33 -> 0 | K72: =VC!F33 -> 0 | L72: =VC!G33 -> 0 | M72: =VC!H33 -> 0 | N72: =VC!I33 -> 0 | O72: =VC!J33 -> 0 | ... BJ72: =VC!BE33 -> 0 | BL72: =VC!BG33 -> 0 | BM72: =VC!BH33 -> G295R | BN72: =VC!BI33 -> D135G | BO72: =VC!BJ33 -> 0 | BP72: =VC!BK33 -> 0 | BQ72: =VC!BL33 -> 0 | BR72: =VC!BM33 -> 0 | BS72: =VC!BN33 -> 0 | ... DX72: =VC!DS33 -> 0 | DZ72: =VC!DU33 -> 0 | EA72: =VC!DV33 -> 0 | EB72: =VC!DW33 -> A175V | EC72: =VC!DX33 -> G295R | ED72: =VC!DY33 -> 0 | EE72: =VC!DZ33 -> 0 | EF72: =VC!EA33 -> 0 | EG72: =VC!EB33 -> 0 | ... HC72: =VC!GX33 -> 0
A73: PA4109 | B73: ampR | C73: C/T | D73: + | E73: 0.25 | F73: Gain of function | G73: ONLY: D135N, G154R | H73: =VC!C33 -> 0 | I73: =VC!D33 -> 0 | J73: =VC!E33 -> 0 | K73: =VC!F33 -> 0 | L73: =VC!G33 -> 0 | M73: =VC!H33 -> 0 | N73: =VC!I33 -> 0 | O73: =VC!J33 -> 0 | ... BJ73: =VC!BE33 -> 0 | BL73: =VC!BG33 -> 0 | BM73: =VC!BH33 -> G295R | BN73: =VC!BI33 -> D135G | BO73: =VC!BJ33 -> 0 | BP73: =VC!BK33 -> 0 | BQ73: =VC!BL33 -> 0 | BR73: =VC!BM33 -> 0 | BS73: =VC!BN33 -> 0 | ... DX73: =VC!DS33 -> 0 | DZ73: =VC!DU33 -> 0 | EA73: =VC!DV33 -> 0 | EB73: =VC!DW33 -> A175V | EC73: =VC!DX33 -> G295R | ED73: =VC!DY33 -> 0 | EE73: =VC!DZ33 -> 0 | EF73: =VC!EA33 -> 0 | EG73: =VC!EB33 -> 0 | ... HC73: =VC!GX33 -> 0
A74: PA4110 | B74: ampC* (SOLO SI HIPEREXPRESION!) | C74: CAZ | D74: + | E74: 0.5 | F74: Gain of function | G74: ONLY: 80-93, 205-254, 307-321, 342-344, 372-397 | H74: =VC!C34 -> 0 | I74: =VC!D34 -> 0 | J74: =VC!E34 -> 0 | K74: =VC!F34 -> 0 | L74: =VC!G34 -> 0 | M74: =VC!H34 -> 0 | N74: =VC!I34 -> 0 | O74: =VC!J34 -> 0 | ... HC74: =VC!GX34 -> 0
A75: PA4110 | B75: ampC* (SOLO SI HIPEREXPRESION!) | C75: C/T | D75: + | E75: 0.75 | F75: Gain of function | G75: ONLY: 80-93, 205-254, 307-321, 342-344, 372-397 | H75: =VC!C34 -> 0 | I75: =VC!D34 -> 0 | J75: =VC!E34 -> 0 | K75: =VC!F34 -> 0 | L75: =VC!G34 -> 0 | M75: =VC!H34 -> 0 | N75: =VC!I34 -> 0 | O75: =VC!J34 -> 0 | ... HC75: =VC!GX34 -> 0
A76: PA4266 | B76: fusA1 | C76: TOB | D76: + | E76: 0,5/0,25 | F76: Gain of function | G76: DOBLE SCORE: I61M, V93A, E100G, K504E, Y552C, P554L, A555E, N592I, P618L, T671A, T671I | H76: =VC!C35 -> 0 | I76: =VC!D35 -> 0 | J76: =VC!E35 -> 0 | K76: =VC!F35 -> 0 | L76: =VC!G35 -> 0 | M76: =VC!H35 -> 0 | N76: =VC!I35 -> 0 | O76: =VC!J35 -> 0 | ... HC76: =VC!GX35 -> 0
A77: PA4418 | B77: ftsI/PBP3 | C77: CAZ | D77: + | E77: 0,5/0,25 | F77: Gain of function | G77: DOBLE SCORE: 268, 283, 394, 504, 505, 527, 533 | H77: =VC!C36 -> 0 | I77: =VC!D36 -> 0 | J77: =VC!E36 -> 0 | K77: =VC!F36 -> 0 | L77: =VC!G36 -> 0 | M77: =VC!H36 -> 0 | N77: =VC!I36 -> 0 | O77: =VC!J36 -> 0 | ... HC77: =VC!GX36 -> 0
A78: PA4418 | B78: ftsI/PBP3 | C78: MER | D78: + | E78: 0,5/0,25 | F78: Gain of function | G78: DOBLE SCORE: 268, 283, 394, 504, 505, 527, 533 | H78: =VC!C36 -> 0 | I78: =VC!D36 -> 0 | J78: =VC!E36 -> 0 | K78: =VC!F36 -> 0 | L78: =VC!G36 -> 0 | M78: =VC!H36 -> 0 | N78: =VC!I36 -> 0 | O78: =VC!J36 -> 0 | ... HC78: =VC!GX36 -> 0
A79: PA4418 | B79: ftsI/PBP3 | C79: C/T | D79: + | E79: 0,5/0,25 | F79: Gain of function | G79: DOBLE SCORE: 268, 283, 394, 504, 505, 527, 533 | H79: =VC!C36 -> 0 | I79: =VC!D36 -> 0 | J79: =VC!E36 -> 0 | K79: =VC!F36 -> 0 | L79: =VC!G36 -> 0 | M79: =VC!H36 -> 0 | N79: =VC!I36 -> 0 | O79: =VC!J36 -> 0 | ... HC79: =VC!GX36 -> 0
A80: PA4522 | B80: ampD | C80: CAZ | D80: + | E80: 1/0,5 | F80: Loss of function | G80: DOBLE SCORE | H80: =VC!C37 -> 0 | I80: =VC!D37 -> 0 | J80: =VC!E37 -> 0 | K80: =VC!F37 -> 0 | L80: =VC!G37 -> L135Q | M80: =VC!H37 -> P126Q | N80: =VC!I37 -> A96T | O80: =VC!J37 -> 0 | ... HC80: =VC!GX37 -> 0
A81: PA4522 | B81: ampD | C81: MER | D81: + | E81: 0,25/0,125 | F81: Loss of function | G81: DOBLE SCORE | H81: =VC!C37 -> 0 | I81: =VC!D37 -> 0 | J81: =VC!E37 -> 0 | K81: =VC!F37 -> 0 | L81: =VC!G37 -> L135Q | M81: =VC!H37 -> P126Q | N81: =VC!I37 -> A96T | O81: =VC!J37 -> 0 | ... HC81: =VC!GX37 -> 0
A82: PA4522 | B82: ampD | C82: C/T | D82: + | E82: 0,25/0,125 | F82: Loss of function | G82: DOBLE SCORE | H82: =VC!C37 -> 0 | I82: =VC!D37 -> 0 | J82: =VC!E37 -> 0 | K82: =VC!F37 -> 0 | L82: =VC!G37 -> L135Q | M82: =VC!H37 -> P126Q | N82: =VC!I37 -> A96T | O82: =VC!J37 -> 0 | ... HC82: =VC!GX37 -> 0
A83: PA4597 | B83: oprJ | C83: CIP | D83: - | F83: Loss of function | G83: SÓLO COMPROBAR SI ESTÁ ACTIVA | H83: =VC!C38 -> 0 | I83: =VC!D38 -> 0 | J83: =VC!E38 -> 0 | K83: =VC!F38 -> 0 | L83: =VC!G38 -> 0 | M83: =VC!H38 -> 0 | N83: =VC!I38 -> 0 | O83: =VC!J38 -> 0 | ... HC83: =VC!GX38 -> 0
A84: PA4598 | B84: mexD | C84: CIP | D84: - | F84: Loss of function | H84: =VC!C39 -> A566T; V607A | I84: =VC!D39 -> 0 | J84: =VC!E39 -> 0 | K84: =VC!F39 -> 0 | L84: =VC!G39 -> A566T; V607A | M84: =VC!H39 -> R596S; L1027V | N84: =VC!I39 -> 0 | O84: =VC!J39 -> 0 | ... HC84: =VC!GX39 -> 0
A85: PA4599 | B85: mexC | C85: CIP | D85: - | F85: Loss of function | H85: =VC!C40 -> 0 | I85: =VC!D40 -> 0 | J85: =VC!E40 -> V131M | K85: =VC!F40 -> 0 | L85: =VC!G40 -> 0 | M85: =VC!H40 -> V367A | N85: =VC!I40 -> 0 | O85: =VC!J40 -> 0 | ... HC85: =VC!GX40 -> E26A
A86: PA4600 | B86: nfxB (LA BOMBA tiene que ser funcional!) | C86: CIP | D86: + | E86: 1/0,5 | F86: Loss of function | G86: DOBLE SCORE | H86: =VC!C41 -> 0 | I86: =VC!D41 -> 0 | J86: =VC!E41 -> 0 | K86: =VC!F41 -> 0 | L86: =VC!G41 -> 0 | M86: =VC!H41 -> 0 | N86: =VC!I41 -> 0 | O86: =VC!J41 -> 0 | ... DX86: =VC!DS41 -> 0 | DY86: aa18InsVA | DZ86: =VC!DU41 -> 0 | EA86: =VC!DV41 -> 0 | EB86: =VC!DW41 -> 0 | EC86: =VC!DX41 -> G129R | ED86: =VC!DY41 -> 0 | EE86: =VC!DZ41 -> 0 | EF86: =VC!EA41 -> 0 | EG86: =VC!EB41 -> Q64X | ... HC86: =VC!GX41 -> 0
A87: PA4775 | B87: pmrA | C87: TOB | D87: + | E87: 0,5/0,25 | F87: Gain of function | G87: DOBLE SCORE: L157Q | H87: =VC!C43 -> 0 | I87: =VC!D43 -> 0 | J87: =VC!E43 -> 0 | K87: =VC!F43 -> 0 | L87: =VC!G43 -> 0 | M87: =VC!H43 -> D61N | N87: =VC!I43 -> 0 | O87: =VC!J43 -> 0 | ... HC87: =VC!GX43 -> 0
A88: PA4776 | B88: pmrB | C88: TOB | D88: + | E88: 0,5/0,25 | F88: Gain of function | G88: DOBLE SCORE: L14P, A54V, R79H, R135Q, A247T, A248T, A248V, R259H, M292I, M292T | H88: =VC!C44 -> 0 | I88: =VC!D44 -> 0 | J88: =VC!E44 -> 0 | K88: =VC!F44 -> 0 | L88: =VC!G44 -> 0 | M88: =VC!H44 -> 0 | N88: =VC!I44 -> 0 | O88: =VC!J44 -> 0 | ... HC88: =VC!GX44 -> 0
A89: PA4964 | B89: parC | C89: CIP | D89: + | E89: 0.5 | F89: Gain of function | G89: SOLO QRDR: 87 | H89: =VC!C45 -> 0 | I89: =VC!D45 -> 0 | J89: =VC!E45 -> 0 | K89: =VC!F45 -> 0 | L89: =VC!G45 -> 0 | M89: =VC!H45 -> 0 | N89: =VC!I45 -> S87L | O89: =VC!J45 -> 0 | ... HC89: =VC!GX45 -> 0
A90: PA4967 | B90: parE | C90: CIP | D90: + | E90: 0.5 | F90: Gain of function | G90: SOLO QRDR: 457-459 | H90: =VC!C46 -> 0 | I90: =VC!D46 -> 0 | J90: =VC!E46 -> 0 | K90: =VC!F46 -> 0 | L90: =VC!G46 -> E459V | M90: =VC!H46 -> 0 | N90: =VC!I46 -> P438S | O90: =VC!J46 -> 0 | ... HC90: =VC!GX46 -> 0
A91: PA5471.1 | B91: armZ | C91: TOB | D91: + | E91: 0,5/0,25 | F91: Loss of function | G91: DOBLE SCORE | H91: =VC!C49 -> 0 | I91: =VC!D49 -> 0 | J91: =VC!E49 -> 0 | K91: =VC!F50 -> 0 | L91: =VC!G49 -> 0 | M91: =VC!H49 -> A262S | N91: =VC!I49 -> 0 | O91: =VC!J49 -> 0 | P91: =VC!K49 -> 0 | Q91: =VC!L49 -> 0 | R91: =VC!M49 -> 0 | S91: =VC!N49 -> 0 | ... HC91: =VC!GX49 -> 0
A92: PA5485 | B92: ampDh2 | C92: CAZ | D92: + | E92: 0,25/0,125 | F92: Loss of function | G92: DOBLE SCORE | H92: =VC!C50 -> 0 | I92: =VC!D50 -> 0 | J92: =VC!E50 -> 0 | K92: =VC!F53 -> 0 | L92: =VC!G50 -> 0 | M92: =VC!H50 -> 0 | N92: =VC!I50 -> V40I | O92: =VC!J50 -> 0 | P92: =VC!K50 -> 0 | Q92: =VC!L50 -> 0 | R92: =VC!M50 -> 0 | S92: =VC!N50 -> 0 | ... HC92: =VC!GX50 -> P21Q
C93: TOB | G93: SCORE TOB | H93: =1+0.25 -> 1.25 | I93: 0.25 | J93: 0.25 | K93: 0 | L93: 0.5 | M93: =0.25+0.25 -> 0.5 | N93: =1+0.5+0.25 -> 1.75 | O93: 0 | P93: 0 | Q93: 0 | R93: =0.25+0.25 -> 0.5 | S93: 0 | T93: 0 | U93: 0 | V93: 0 | W93: 0 | X93: 0 | Y93: 0 | Z93: 0.25 | AA93: 0 | AB93: 0.25 | AC93: =0.25+0.25 -> 0.5 | AD93: 0.25 | AE93: 0.25 | AF93: 0 | AG93: 0 | AH93: 0 | AI93: 0 | AJ93: 0 | AK93: 0 | AL93: 0.5 | AM93: 0 | AN93: 0 | AO93: 0.25 | AP93: 0.25 | AQ93: 0.5 | AR93: 0.25 | AS93: 0 | AT93: 0.25 | AU93: 0 | AV93: 0 | AW93: 0 | AX93: 0 | AY93: 0.25 | AZ93: 0 | BA93: =1+0.25+0.25 -> 1.5 | BB93: 0 | BC93: =1+0.25+0.25 -> 1.5 | BD93: 0 | BE93: 0.25 | BF93: 0.25 | BG93: 0.25 | BH93: 0.25 | BI93: =1+0.25+0.25 -> 1.5 | BJ93: =1+0.25 -> 1.25 | BK93: 0 | BL93: 0 | BM93: 0.25 | BN93: -0.5 | BO93: 0 | BP93: 0.25 | BQ93: =0.25+0.25 -> 0.5 | BR93: =1+0.5+0.25 -> 1.75 | BS93: =1+0.25+0.25 -> 1.5 | BT93: =1+0.25+0.5 -> 1.75 | BU93: 0.25 | BV93: 0.25 | BW93: 0.25 | BX93: 0.25 | BY93: 0.25 | BZ93: 0.25 | CA93: 0 | CB93: 0 | CC93: 0.25 | CD93: =1+0.25+0.25 -> 1.5 | CE93: 0 | CF93: 0 | CG93: 0.25 | CH93: 0 | CI93: 0.25 | CJ93: =1+0.25+0.25 -> 1.5 | CK93: =1+0.25-0.5+0.25 -> 1 | CL93: 0 | CM93: =1+0.25 -> 1.25 | CN93: 0 | CO93: 0 | CP93: =1+0.25+0.25 -> 1.5 | CQ93: =1+0.25+0.25 -> 1.5 | CR93: =0.25+0.25 -> 0.5 | CS93: 0 | CT93: 0 | CU93: 0 | CV93: 0 | CW93: 0.25 | CX93: 0 | CY93: 0 | CZ93: =1+0.25+0.25+0.25 -> 1.75 | DA93: 0.25 | DB93: =1+0.25 -> 1.25 | DC93: 0 | DD93: 0.25 | DE93: 0 | DF93: 0 | DG93: 0.25 | DH93: 0.25 | DI93: 0.5 | DJ93: =1+0.25+0.25 -> 1.5 | DK93: =1+0.25 -> 1.25 | DL93: 0.25 | DM93: 0.5 | DN93: 0 | DO93: 0.25 | DP93: 0 | DQ93: 0.25 | DR93: 0 | DS93: 0 | DT93: 0 | DU93: =1+0.25+0.25 -> 1.5 | DV93: 0.25 | DW93: =1+0.25+0.25 -> 1.5 | DX93: 0.25 | DY93: =0.25+0.25 -> 0.5 | DZ93: 0 | EA93: =1+0.25+0.25 -> 1.5 | EB93: 0 | EC93: =0.25-0.25 -> 0 | ED93: =0.25+0.5+0.25 -> 1 | EE93: =1+0.25+0.25 -> 1.5 | EF93: 0 | EG93: =0.5-0.25 -> 0.25 | EH93: 0.5 | EI93: =0.25+0.25 -> 0.5 | EJ93: 0.25 | EK93: 0.25 | EL93: 0.25 | EM93: 0 | EN93: 0.25 | EO93: 0 | EP93: 0.25 | EQ93: 0 | ER93: 0.25 | ES93: =0.5-0.5+0.25 -> 0.25 | ET93: 0.25 | EU93: 0.25 | EV93: =0.25+0.25 -> 0.5 | EW93: 0.75 | EX93: =0.25+0.25 -> 0.5 | EY93: 0.25 | EZ93: 0.5 | FA93: =1+0.5+0.25+0.25 -> 2 | FB93: 0 | FC93: 0 | FD93: 0.5 | FE93: =1+0.25+0.25 -> 1.5 | FF93: 0 | FG93: 0.5 | FH93: 0.5 | FI93: =1+0.25+0.25 -> 1.5 | FJ93: 0 | FK93: 0 | FL93: =1+0.25 -> 1.25 | FM93: 0 | FN93: 0 | FO93: 0.25 | FP93: 0 | FQ93: =1+0.25+0.25 -> 1.5 | FR93: 0 | FS93: =0.25+0.25+0.25 -> 0.75 | FT93: 0 | FU93: =1+0.25 -> 1.25 | FV93: 0.25 | FW93: 0.5 | FX93: 0.25 | FY93: 0 | FZ93: 0 | GA93: =1+0.25+0.25 -> 1.5 | GB93: 0 | GC93: 0.25 | GD93: 0 | GE93: =0.25+0.25 -> 0.5 | GF93: 0 | GG93: 0 | GH93: 0.25 | GI93: 0 | GJ93: =0.25+0.25 -> 0.5 | GK93: 0.25 | GL93: 0.25 | GM93: =1+0.25+0.25 -> 1.5 | GN93: =0.25+0.5 -> 0.75 | GO93: 0 | GP93: 0.25 | GQ93: 0 | GR93: 0 | GS93: 0 | GT93: 0 | GU93: =0.25+0.25 -> 0.5 | GV93: 0 | GW93: 0 | GX93: =0.25-0.25+0.5+0.25+0.25 -> 1 | GY93: =1+0.5+0.25 -> 1.75 | GZ93: 0 | HA93: 0.25 | HB93: 1.75 | HC93: 0.25
C94: CAZ | G94: SCORE CAZ | H94: 0.5 | I94: 0.25 | J94: 0.25 | K94: 0 | L94: 0.5 | M94: =0.25+0.5 -> 0.75 | N94: =0.5+0.125 -> 0.625 | O94: 0.25 | P94: 0 | Q94: 0 | R94: 0.25 | S94: 0.125 | T94: 0 | U94: =0.125+0.25+0.5 -> 0.875 | V94: =0.5+0.5 -> 1 | W94: 0 | X94: 0 | Y94: 0 | Z94: 0 | AA94: 0.125 | AB94: =0.25+0.5+0.125 -> 0.875 | AC94: 0.25 | AD94: 0.25 | AE94: 0 | AF94: 0 | AG94: 0.125 | AH94: =0.25+0.125 -> 0.375 | AI94: 0 | AJ94: 0.125 | AK94: 0.25 | AL94: 0 | AM94: 0 | AN94: 0 | AO94: =0.5+0.5+0.25+0.5 -> 1.75 | AP94: 0 | AQ94: 0 | AR94: 0 | AS94: 0 | AT94: 0.25 | AU94: =0.25+0.5+1 -> 1.75 | AV94: 0 | AW94: 0.25 | AX94: 0 | AY94: 0 | AZ94: =0.25+0.5+0.5 -> 1.25 | BA94: 1 | BB94: 0.5 | BC94: 1 | BD94: 0 | BE94: 0 | BF94: 0 | BG94: =0.125+0.5 -> 0.625 | BH94: =0.5+0.125 -> 0.625 | BI94: 1.5 | BJ94: 2 | BK94: 0 | BL94: 0 | BM94: 0.25 | BN94: 1.5 | BO94: -0.5 | BP94: 0.25 | BQ94: -0.5 | BR94: 0.25 | BS94: 0.5 | BT94: =0.25+0.25+0.5 -> 1 | BU94: 0 | BV94: =0.5+0.25 -> 0.75 | BW94: 0.5 | BX94: =0.125+0.5 -> 0.625 | BY94: 0 | BZ94: 0 | CA94: =0.5+0.5 -> 1 | CB94: 0 | CC94: 0 | CD94: 1 | CE94: 0 | CF94: =0.25+0.25+0.5 -> 1 | CG94: 0.125 | CH94: 0 | CI94: 0.125 | CJ94: 1 | CK94: 1 | CL94: 0 | CM94: 2 | CN94: 0 | CO94: 0.5 | CP94: 1 | CQ94: =1+0.5 -> 1.5 | CR94: 0 | CS94: =0.25+0.25+0.5 -> 1 | CT94: 0.5 | CU94: =0.25+0.125 -> 0.375 | CV94: 0 | CW94: 0.5 | CX94: 0.25 | CY94: 0 | CZ94: 2 | DA94: 0 | DB94: 0 | DC94: 0 | DD94: 0.5 | DE94: 0.5 | DF94: 0.25 | DG94: 0 | DH94: 0.25 | DI94: =0.5+0.25 -> 0.75 | DJ94: =0.5+1 -> 1.5 | DK94: =1+0.5+0.5 -> 2 | DL94: =0.25+0.5+0.5 -> 1.25 | DM94: 0 | DN94: 0.5 | DO94: =0.25+0.5 -> 0.75 | DP94: 0.25 | DQ94: 0 | DR94: =-0.5+0.25+1 -> 0.75 | DS94: 0.25 | DT94: 0 | DU94: =-0.5+0.125+0.5 -> 0.125 | DV94: 0 | DW94: =0.25+0.5 -> 0.75 | DX94: 0 | DY94: 0.125 | DZ94: 0 | EA94: 1.5 | EB94: 0.5 | EC94: =0.25+0.5 -> 0.75 | ED94: 0 | EE94: 2 | EF94: =0.25+0.125 -> 0.375 | EG94: 0 | EH94: =0.5+0.5+0.5 -> 1.5 | EI94: 0.25 | EJ94: 0.25 | EK94: =0.5+0.25 -> 0.75 | EL94: =0.25+0.5+0.25+0.5 -> 1.5 | EM94: 0 | EN94: 0.5 | EO94: 0 | EP94: 0 | EQ94: 0.5 | ER94: 0 | ES94: 0.5 | ET94: 0 | EU94: 1 | EV94: 0 | EW94: 2.375 | EX94: 0 | EY94: 0 | EZ94: 0 | FA94: =0.5+0.25 -> 0.75 | FB94: 0 | FC94: =0.25+0.5 -> 0.75 | FD94: 0.25 | FE94: =0.125+0.5+0.125 -> 0.75 | FF94: =0.25+0.5+0.5 -> 1.25 | FG94: 0.25 | FH94: 0 | FI94: =0.5+0.5+0.25+0.5 -> 1.75 | FJ94: 0.5 | FK94: 0.5 | FL94: =0.5+0.25+0.125 -> 0.875 | FM94: 0 | FN94: 0 | FO94: 0 | FP94: 0.125 | FQ94: 0.25 | FR94: =0.5+0.125 -> 0.625 | FS94: 0 | FT94: 0.125 | FU94: 0 | FV94: 0 | FW94: =0.5+0.25 -> 0.75 | FX94: =0.25+0.25+0.5 -> 1 | FY94: =0.25+0.125 -> 0.375 | FZ94: 0 | GA94: 2 | GB94: =0.5+0.5+0.25 -> 1.25 | GC94: 0 | GD94: 0 | GE94: 0 | GF94: 0.25 | GG94: 0.125 | GH94: 0.25 | GI94: 0.25 | GJ94: 0 | GK94: 0 | GL94: 0 | GM94: 0 | GN94: 0.5 | GO94: =0.25+0.5 -> 0.75 | GP94: 0 | GQ94: 0 | GR94: 0.25 | GS94: 0.5 | GT94: =0.25+0.5 -> 0.75 | GU94: 0 | GV94: 0.25 | GW94: 0 | GX94: =0.25+0.25+0.5 -> 1 | GY94: =1+0.25 -> 1.25 | GZ94: 0 | HA94: 0 | HB94: =0.5+1 -> 1.5 | HC94: 0.125
C95: MER | G95: SCORE MER | H95: =0.5+0.25+0.125 -> 0.875 | I95: =0.25+0.25 -> 0.5 | J95: =0.25+0.125 -> 0.375 | K95: 0 | L95: =0.5+0.25+0.125 -> 0.875 | M95: =0.25+0.125 -> 0.375 | N95: =0.5+0.5+0.25+0.125 -> 1.375 | O95: 0.125 | P95: 0 | Q95: 0 | R95: =0.25+0.25 -> 0.5 | S95: 0 | T95: 0 | U95: =0.125+0.125 -> 0.25 | V95: =0.25+0.25+0.5+0.125 -> 1.125 | W95: 0 | X95: 0 | Y95: 0 | Z95: 0.25 | AA95: 0.25 | AB95: =0.25+0.125 -> 0.375 | AC95: =0.25+0.25 -> 0.5 | AD95: 0.25 | AE95: =0.5+0.25 -> 0.75 | AF95: 0 | AG95: 0 | AH95: =0.25+0.125 -> 0.375 | AI95: 0 | AJ95: 0 | AK95: =0.25+0.25 -> 0.5 | AL95: =0.5+0.5 -> 1 | AM95: 0.25 | AN95: 0 | AO95: =0.5+0.25+0.125+0.125+0.125 -> 1.125 | AP95: 0 | AQ95: 0.5 | AR95: 0 | AS95: 0.5 | AT95: =0.5+0.25+0.125 -> 0.875 | AU95: =0.25+0.25 -> 0.5 | AV95: 0.25 | AW95: =0.25+0.125 -> 0.375 | AX95: 0 | AY95: 0.25 | AZ95: =0.25+0.125 -> 0.375 | BA95: =0.5+0.25+0.25 -> 1 | BB95: =0.25+0.5+0.25 -> 1 | BC95: =0.5+0.25+0.25 -> 1 | BD95: 0 | BE95: =0.25+0.25 -> 0.5 | BF95: 0 | BG95: =0.25+0.25+0.125 -> 0.625 | BH95: 0.125 | BI95: =0.25+0.25 -> 0.5 | BJ95: =1+0.25+0.25+0.125+0.125 -> 1.75 | BK95: 0 | BL95: 0 | BM95: 0.125 | BN95: 0.75 | BO95: 0 | BP95: =0.25+0.25 -> 0.5 | BQ95: 0.75 | BR95: 2 | BS95: =0.5+0.25+0.125 -> 0.875 | BT95: =0.25+0.5+0.25+0.25+0.25+0.125 -> 1.625 | BU95: 0.25 | BV95: =0.125+0.25 -> 0.375 | BW95: 1 | BX95: =0.25+0.25 -> 0.5 | BY95: 0.25 | BZ95: 0 | CA95: =0.5+0.125 -> 0.625 | CB95: 0 | CC95: 0.25 | CD95: =0.5+0.25+0.25 -> 1 | CE95: 0 | CF95: =0.25+0.5+0.25+0.125+0.125 -> 1.25 | CG95: 0.25 | CH95: 0 | CI95: 0.25 | CJ95: =0.5+0.25+0.25 -> 1 | CK95: 1 | CL95: 0.25 | CM95: =1+0.5+0.25+0.25 -> 2 | CN95: 0 | CO95: =0.25+0.125 -> 0.375 | CP95: =0.5+0.25+0.25 -> 1 | CQ95: 1.375 | CR95: 0.25 | CS95: =0.25+0.25+0.25+0.125 -> 0.875 | CT95: 0.125 | CU95: =0.25+0.25+0.125 -> 0.625 | CV95: 0 | CW95: =0.5+0.25 -> 0.75 | CX95: 0.25 | CY95: 0 | CZ95: 2 | DA95: =0.25+0.25 -> 0.5 | DB95: 0.25 | DC95: 0 | DD95: 0.125 | DE95: 0.125 | DF95: 0.25 | DG95: 0.25 | DH95: 0.125 | DI95: =0.5+0.25 -> 0.75 | DJ95: =0.5+0.5+0.25 -> 1.25 | DK95: 2 | DL95: =0.25+0.25+0.125 -> 0.625 | DM95: 0.5 | DN95: 0 | DO95: =0.25+0.25+0.125 -> 0.625 | DP95: 0.5 | DQ95: 0.25 | DR95: 0 | DS95: 0.125 | DT95: 0 | DU95: =0.5+0.125 -> 0.625 | DV95: 0.5 | DW95: =0.5+0.25+0.125 -> 0.875 | DX95: 0.5 | DY95: 0.25 | DZ95: 0.25 | EA95: 2 | EB95: =0.25+0.5 -> 0.75 | EC95: =0.25+0.25+0.25 -> 0.75 | ED95: 0.5 | EE95: 2 | EF95: 0.25 | EG95: 0 | EH95: =0.5+0.5+0.25+0.25+0.125+0.5+0.125 -> 2.25 | EI95: 0.25 | EJ95: =0.5+0.5+0.25+0.25 -> 1.5 | EK95: =0.5+0.5+0.125 -> 1.125 | EL95: =0.25+0.125+0.125+0.125 -> 0.625 | EM95: 0 | EN95: 0.5 | EO95: 0 | EP95: 0 | EQ95: 0 | ER95: 0.25 | ES95: =0.5+0.5+0.25 -> 1.25 | ET95: 0.125 | EU95: =0.25+0.25+0.25+0.5+0.25 -> 1.5 | EV95: 0 | EW95: 2.125 | EX95: 0 | EY95: 0.25 | EZ95: 0.5 | FA95: =0.5+0.5+0.5+0.25 -> 1.75 | FB95: 0.25 | FC95: 0.75 | FD95: 0.25 | FE95: =0.5+0.25+0.25+0.125 -> 1.125 | FF95: =0.25+0.125 -> 0.375 | FG95: 0.125 | FH95: 0.25 | FI95: =0.25+0.25+0.125+0.5+0.125+0.125 -> 1.375 | FJ95: 0.5 | FK95: =0.5+0.125 -> 0.625 | FL95: =0.25+0.125+0.125 -> 0.5 | FM95: 0 | FN95: 0.25 | FO95: 0.25 | FP95: 0.5 | FQ95: =0.25+0.125 -> 0.375 | FR95: 0.5 | FS95: =0.25+0.125 -> 0.375 | FT95: 0 | FU95: 0.25 | FV95: 0 | FW95: =0.25+0.125 -> 0.375 | FX95: =0.25+0.25+0.125 -> 0.625 | FY95: 0 | FZ95: 0 | GA95: 2 | GB95: =0.25+0.5+0.25+0.25 -> 1.25 | GC95: 0.25 | GD95: 0 | GE95: 0.25 | GF95: 0.25 | GG95: 0 | GH95: =0.25+0.125 -> 0.375 | GI95: 0.25 | GJ95: 0.25 | GK95: 0.25 | GL95: =0.5 -> 0.5 | GM95: 0.25 | GN95: =0.25+0.5+0.25+0.125 -> 1.125 | GO95: =0.25+0.125 -> 0.375 | GP95: 0.25 | GQ95: 0.25 | GR95: 0.25 | GS95: =0.125+0.25 -> 0.375 | GT95: =0.25+0.125 -> 0.375 | GU95: 0.25 | GV95: =0.25+0.25 -> 0.5 | GW95: 0 | GX95: =0.5+0.25+0.25+0.25+0.125 -> 1.375 | GY95: =0.5+0.5+0.25+0.125 -> 1.375 | GZ95: 0 | HA95: 0.25 | HB95: 1.75 | HC95: 0.5
C96: CIP | G96: SCORE CIP | H96: =0.125+1 -> 1.125 | I96: =0.125+0.25 -> 0.375 | J96: 0.125 | K96: 0 | L96: =0.125+1+0.5 -> 1.625 | M96: 0.25 | N96: =1+0.25+0.125+1+0.5 -> 2.875 | O96: 0 | P96: 0 | Q96: 0 | R96: =0.125+0.25 -> 0.375 | S96: 0 | T96: 0 | U96: 0 | V96: =0.5+0.5+1+0.5 -> 2.5 | W96: 0 | X96: 0 | Y96: 0 | Z96: 0.125 | AA96: 0 | AB96: 0.25 | AC96: =0.25+0.125+1 -> 1.375 | AD96: 0.25 | AE96: 0.125 | AF96: 0 | AG96: 0 | AH96: 0.5 | AI96: 0 | AJ96: 0.5 | AK96: =1+0.25 -> 1.25 | AL96: 0.25 | AM96: 0 | AN96: 0 | AO96: =0.5+0.125 -> 0.625 | AP96: 0 | AQ96: 0.25 | AR96: 0 | AS96: 0 | AT96: 0.125 | AU96: 1 | AV96: 0 | AW96: 0.5 | AX96: 0 | AY96: 0.125 | AZ96: 0 | BA96: =0.125+1+0.5 -> 1.625 | BB96: 0 | BC96: =0.125+1+0.5 -> 1.625 | BD96: 0 | BE96: =0.125+0.5 -> 0.625 | BF96: 0 | BG96: =0.125+0.5+0.5 -> 1.125 | BH96: 0 | BI96: =0.125+1+0.5 -> 1.625 | BJ96: =1+0.125+0.25 -> 1.375 | BK96: 1 | BL96: 0 | BM96: 0 | BN96: 1 | BO96: -0.5 | BP96: 0.125 | BQ96: 0.5 | BR96: 1.75 | BS96: =0.125+1+0.5 -> 1.625 | BT96: =0.125+0.25+1+0.25 -> 1.625 | BU96: 0.125 | BV96: 0 | BW96: 2 | BX96: 0.125 | BY96: 0.125 | BZ96: 0 | CA96: 0.5 | CB96: 0 | CC96: 0.5 | CD96: =0.125+1+0.5 -> 1.625 | CE96: 0 | CF96: 1.75 | CG96: 0.5 | CH96: 0.5 | CI96: 0.5 | CJ96: =0.125+1+0.5 -> 1.625 | CK96: =-0.5+0.125+1+0.5 -> 1.125 | CL96: 0 | CM96: =0.125+1+0.5 -> 1.625 | CN96: 0 | CO96: 0.5 | CP96: =0.125+1+0.5 -> 1.625 | CQ96: =0.125+1+0.5 -> 1.625 | CR96: 0.125 | CS96: =1+0.25+0.5 -> 1.75 | CT96: 0 | CU96: 0.5 | CV96: 0.5 | CW96: =0.5+0.125+1+0.5 -> 2.125 | CX96: 0.25 | CY96: 0 | CZ96: 2 | DA96: =0.125+0.5 -> 0.625 | DB96: 0.125 | DC96: 0 | DD96: 0 | DE96: 0 | DF96: 0.25 | DG96: 0.125 | DH96: 0 | DI96: 0.25 | DJ96: 2 | DK96: 1.5 | DL96: =0.125+1+0.5 -> 1.625 | DM96: 0.25 | DN96: 0 | DO96: =0.125+1+0.25 -> 1.375 | DP96: 1.75 | DQ96: 0.125 | DR96: 0.5 | DS96: 0 | DT96: 0 | DU96: 2 | DV96: 2 | DW96: 2 | DX96: 0.125 | DY96: 1.125 | DZ96: 0.5 | EA96: 1.125 | EB96: 0.5 | EC96: =0.125+0.5 -> 0.625 | ED96: 0.875 | EE96: =0.125+1+0.5 -> 1.625 | EF96: 0 | EG96: 0.75 | EH96: 2 | EI96: =0.125+0.5 -> 0.625 | EJ96: 2 | EK96: 3.5 | EL96: 1.5 | EM96: 0 | EN96: 1.125 | EO96: 0 | EP96: 0 | EQ96: 2 | ER96: 0.125 | ES96: 0.75 | ET96: 0.5 | EU96: =0.125+0.5+1+0.5+0.5 -> 2.625 | EV96: 1 | EW96: =0.25+0.125+0.5+0.25+0.25+0.5 -> 1.875 | EX96: 0 | EY96: 0 | EZ96: 0.25 | FA96: 2 | FB96: 1.5 | FC96: 2 | FD96: 0.25 | FE96: 2 | FF96: 0 | FG96: 0 | FH96: 0.5 | FI96: =0.125+0.125+1+0.5+0.5 -> 2.25 | FJ96: 0 | FK96: 0 | FL96: =0.125+1+0.5 -> 1.625 | FM96: 0 | FN96: 0 | FO96: 0 | FP96: 1 | FQ96: =0.125+1+0.5 -> 1.625 | FR96: 1 | FS96: =0.125+0.125 -> 0.25 | FT96: 0.5 | FU96: 1.125 | FV96: 0 | FW96: 2 | FX96: 0.125 | FY96: 0 | FZ96: 0 | GA96: =0.125+1+0.5 -> 1.625 | GB96: 3.5 | GC96: 1.125 | GD96: 0 | GE96: 0.125 | GF96: 0.25 | GG96: 0 | GH96: 0.125 | GI96: 0.25 | GJ96: 0.125 | GK96: 0.125 | GL96: 1.125 | GM96: =0.125+1+0.5 -> 1.625 | GN96: =0.125+0.25+0.5 -> 0.875 | GO96: 0.25 | GP96: 0.125 | GQ96: 0 | GR96: 0 | GS96: 0 | GT96: 0.25 | GU96: 0.125 | GV96: 0.75 | GW96: 0.5 | GX96: =0.125+0.25 -> 0.375 | GY96: 1.125 | GZ96: 0 | HA96: 1.5 | HB96: 2.25 | HC96: =0.125+0.5 -> 0.625
C97: C/T | G97: SCORE C/T | H97: 0.125 | I97: 0.125 | J97: 0.125 | K97: 0 | L97: 0.125 | M97: 0.25 | N97: 0.125 | O97: 0.125 | P97: 0 | Q97: 0 | R97: 0.125 | S97: 0 | T97: 0 | U97: 0.25 | V97: =0.25+0.125 -> 0.375 | W97: 0 | X97: 0 | Y97: 0 | Z97: 0 | AA97: 0 | AB97: 0.25 | AC97: 0.25 | AD97: 0.125 | AE97: 0 | AF97: 0 | AG97: 0 | AH97: 0.125 | AI97: 0 | AJ97: 0 | AK97: 0.125 | AL97: 0 | AM97: 0 | AN97: 0 | AO97: =0.25+0.125+0.125 -> 0.5 | AP97: 0 | AQ97: 0 | AR97: 0 | AS97: 0 | AT97: 0.125 | AU97: =0.25+0.25 -> 0.5 | AV97: 0 | AW97: 0.125 | AX97: 0 | AY97: 0.75 | AZ97: =0.25+0.125 -> 0.375 | BA97: 0.25 | BB97: =0.125+0.25 -> 0.375 | BC97: 0.25 | BD97: 0 | BE97: 0 | BF97: 0 | BG97: 0.125 | BH97: 0.125 | BI97: 1 | BJ97: 2 | BK97: 0 | BL97: 0 | BM97: 0.125 | BN97: =-0.25+0.25+0.75+0.25 -> 1 | BO97: -0.25 | BP97: 0.25 | BQ97: 0 | BR97: 0.125 | BS97: 0.125 | BT97: =0.125+0.25+0.125 -> 0.5 | BU97: 0 | BV97: =0.125+0.25 -> 0.375 | BW97: 0.25 | BX97: 0.125 | BY97: 0 | BZ97: 0 | CA97: =0.25+0.125 -> 0.375 | CB97: 0 | CC97: 0 | CD97: 0.25 | CE97: 0 | CF97: =0.125+0.125+0.125 -> 0.375 | CG97: 0 | CH97: 0 | CI97: 0 | CJ97: 0.25 | CK97: 0.5 | CL97: 0 | CM97: 2 | CN97: 0 | CO97: 0.125 | CP97: 0.25 | CQ97: 0 | CR97: 0 | CS97: =0.125+0.25+0.125 -> 0.5 | CT97: 0.125 | CU97: 0.125 | CV97: 0 | CW97: 0.25 | CX97: 0.125 | CY97: 0 | CZ97: =0.25+0.125 -> 0.375 | DA97: 0 | DB97: 0 | DC97: 0 | DD97: 0.125 | DE97: 0.125 | DF97: 0.125 | DG97: 0 | DH97: 0.125 | DI97: =0.5+0.125 -> 0.625 | DJ97: 0.5 | DK97: 2 | DL97: =0.25+0.125 -> 0.375 | DM97: 0 | DN97: 0.5 | DO97: 0.25 | DP97: 0.125 | DQ97: 0 | DR97: 0.125 | DS97: 0.125 | DT97: 0 | DU97: 0 | DV97: 0 | DW97: 0.125 | DX97: 0 | DY97: 0 | DZ97: 0 | EA97: 1.75 | EB97: 0.25 | EC97: =0.25+0.25 -> 0.5 | ED97: 0 | EE97: 2 | EF97: 0.5 | EG97: 0 | EH97: =0.125+0.25 -> 0.375 | EI97: 0 | EJ97: 0.125 | EK97: =0.25+0.125 -> 0.375 | EL97: =0.125+0.75+0.25+0.125 -> 1.25 | EM97: 0 | EN97: 0.25 | EO97: 0 | EP97: 0 | EQ97: 0.25 | ER97: 0 | ES97: 0.5 | ET97: 0 | EU97: 0.5 | EV97: 0 | EW97: =0.125+0.125+0.125+0.125+0.125+0.25+0.125 -> 1 | EX97: 0 | EY97: 0 | EZ97: 0 | FA97: =0.25+0.125 -> 0.375 | FB97: 0 | FC97: =0.125+0.25 -> 0.375 | FD97: 0.125 | FE97: 0.125 | FF97: =0.25+0.125 -> 0.375 | FG97: 0.125 | FH97: 0 | FI97: =0.125+0.25+0.125+0.125 -> 0.625 | FJ97: 0.5 | FK97: 0.125 | FL97: 0.25 | FM97: 0 | FN97: 0 | FO97: 0 | FP97: 0 | FQ97: 0.125 | FR97: 0.25 | FS97: 0 | FT97: 0 | FU97: 0 | FV97: 0 | FW97: =0.25+0.125 -> 0.375 | FX97: =0.25+0.125 -> 0.375 | FY97: 0 | FZ97: 0 | GA97: 2 | GB97: 0.75 | GC97: 0 | GD97: 0 | GE97: 0 | GF97: 0.125 | GG97: 0 | GH97: 0.125 | GI97: 0.125 | GJ97: 0 | GK97: 0 | GL97: 0 | GM97: 0 | GN97: 0.125 | GO97: 0.25 | GP97: 0 | GQ97: 0 | GR97: 0.25 | GS97: 0.125 | GT97: 0.25 | GU97: 0 | GV97: 0.125 | GW97: 0 | GX97: 0.5 | GY97: =0.25+0.125 -> 0.375 | GZ97: 0 | HA97: 0 | HB97: 0.5 | HC97: 0

Sheet VC
A1: LOCUS | B1: GENE | C1: AND01-001 | D1: AND01-004 | E1: AND01-005 | F1: AND01-006 | G1: AND02-001 | H1: AND02-002 | I1: AND02-003 | J1: AND02-006 | K1: AND03-001 | L1: AND03-003 | M1: AND03-009 | N1: AND03-012 | O1: AND04-001 | P1: AND04-002 | Q1: AND04-003 | R1: AND04-004A | S1: AND05-004 | T1: AND05-005 | U1: AND05-008 | V1: AND05-009 | W1: AND06-001 | X1: AND06-002 | Y1: AND06-003 | Z1: AND06-006 | AA1: AND07-001 | AB1: AND07-002 | AC1: AND07-003 | AD1: AND07-005 | AE1: ARA01-001 | AF1: ARA01-002 | AG1: ARA01-003 | AH1: ARA01-006 | AI1: ARA02-001 | AJ1: ARA02-002 | AK1: ARA02-005 | AL1: ARA02-007 | AM1: ARA03-001 | AN1: ARA03-002 | AO1: ARA03-003 | AP1: ARA03-004 | AQ1: AST01-001 | AR1: AST01-003 | AS1: AST01-005 | AT1: AST01-006 | AU1: BAL01-001 | AV1: BAL01-003 | AW1: BAL01-004 | AX1: BAL01-006 | AY1: BAL02-001 | AZ1: BAL02-005 | BA1: BAL02-006 | BB1: BAL02-009 | BC1: BAL03-001 | BD1: BAL03-002 | BE1: BAL03-003 | BF1: BAL03-006 | BG1: BAL04-001 | BH1: BAL04-002 | BI1: BAL04-003 | BJ1: BAL04-004 | BK1: CAN01-001 | BL1: CAN01-002 | BM1: CAN01-003 | BN1: CAN01-004 | BO1: CAT01-001 | BP1: CAT01-004 | BQ1: CAT01-005 | BR1: CAT01-007 | BS1: CAT02-001 | BT1: CAT02-002 | BU1: CAT02-003 | BV1: CAT02-004 | BW1: CAT03-001 | BX1: CAT03-002 | BY1: CAT03-004 | BZ1: CAT03-005 | CA1: CAT04-001 | CB1: CAT04-002 | CC1: CAT04-003 | CD1: CAT04-004 | CE1: CAT05-001 | CF1: CAT05-002 | CG1: CAT05-003 | CH1: CAT05-004 | CI1: CAT06-001 | CJ1: CAT06-004 | CK1: CAT06-005 | CL1: CAT06-008 | CM1: CAT07-001 | CN1: CAT07-002 | CO1: CAT07-003 | CP1: CAT07-005 | CQ1: CAT08-013 | CR1: CAT08-014 | CS1: CAT08-015 | CT1: CAT08-016 | CU1: CAT09-001 | CV1: CAT09-002 | CW1: CAT09-003 | CX1: CAT09-004 | CY1: CLE01-003 | CZ1: CLE01-006 | DA1: CLE01-007 | DB1: CLE01-008 | DC1: CLE02-001 | DD1: CLE02-002 | DE1: CLE02-004 | DF1: CLE02-006 | DG1: CLE03-003 | DH1: CLE03-004 | DI1: CLE03-005 | DJ1: CLE03-006 | DK1: CLM01-001 | DL1: CLM01-002 | DM1: CLM01-003 | DN1: CLM01-004 | DO1: CLM02-004 | DP1: CLM02-005 | DQ1: CLM02-013 | DR1: CLM02-014 | DS1: CVA01-001 | DT1: CVA01-002 | DU1: CVA01-005 | DV1: CVA01-006 | DW1: CVA02-001 | DX1: CVA02-002 | DY1: CVA02-003 | DZ1: CVA02-005 | EA1: CVA03-001 | EB1: CVA03-002 | EC1: CVA03-004 | ED1: CVA03-006 | EE1: EXT01-001 | EF1: EXT01-003 | EG1: EXT01-004 | EH1: EXT01-005 | EI1: GAL01-001 | EJ1: GAL01-002 | EK1: GAL01-003 | EL1: GAL01-012 | EM1: GAL02-001 | EN1: GAL02-002 | EO1: GAL02-004 | EP1: GAL02-006 | EQ1: GAL03-002 | ER1: GAL03-003 | ES1: GAL03-004 | ET1: GAL03-005 | EU1: GAL04-001 | EV1: GAL04-002 | EW1: GAL04-004 | EX1: GAL04-005 | EY1: GAL05-002 | EZ1: GAL05-003 | FA1: GAL05-004 | FB1: GAL05-005 | FC1: GAL06-001 | FD1: GAL06-002 | FE1: GAL06-003 | FF1: GAL06-004 | FG1: ICA01-001 | FH1: ICA01-002 | FI1: ICA01-003 | FJ1: ICA01-004 | FK1: LRJ01-002 | FL1: LRJ01-005 | FM1: LRJ01-010 | FN1: LRJ01-012 | FO1: MAD01-001 | FP1: MAD01-002 | FQ1: MAD01-004 | FR1: MAD01-005 | FS1: MAD02-001 | FT1: MAD02-002 | FU1: MAD02-004 | FV1: MAD02-005 | FW1: MAD03-001 | FX1: MAD03-002 | FY1: MAD03-004 | FZ1: MAD03-005 | GA1: MAD04-001 | GB1: MAD04-002 | GC1: MAD04-003 | GD1: MAD04-004 | GE1: MAD05-003 | GF1: MAD05-008 | GG1: MAD05-009 | GH1: MAD05-011 | GI1: MAD06-001 | GJ1: MAD06-002 | GK1: MAD06-004 | GL1: MAD06-005 | GM1: MUR01-001 | GN1: MUR01-002 | GO1: MUR01-003 | GP1: MUR01-004 | GQ1: NAV01-001 | GR1: NAV01-004 | GS1: NAV01-005 | GT1: NAV01-012 | GU1: PVA01-003 | GV1: PVA01-006 | GW1: PVA01-007 | GX1: PVA01-011
A2: PA0004 | B2: gyrB | I2: E468D | AF2: S466F | BE2: S466Y | CN2: E468D | DM2: S466Y | DP2: E468D | DR2: E468D | DY2: S466F | EG2: S466Y | EW2: S466F | EZ2: E468D | FP2: E468D | FW2: E468D | GG2: S466F
A3: PA0005 | B3: lptA | ER3: R66H
A4: PA0424 | B4: mexR | W4: S92N | X4: aa11∆4 | AF4: L102P | AJ4: nt402∆11 | AW4: L95F | BI4: nt81InsT | BV4: nt266InsG | CA4: R73L | CN4: L95F | CR4: nt161InsC | DA4: R82H | EF4: nt217∆1 | ER4: N79S | FM4: Q49X | FR4: aa90∆4 | GW4: nt492InsACCC
A5: PA0425 | B5: mexA | E5: D373N | AS5: I63V | BA5: D373N | BH5: K86E | BO5: D373N | CB5: D373N | CD5: D373N | CI5: Q143P | CJ5: N269S | CS5: A33T | DF5: K86E | DL5: K76Q | DP5: Q104X | DY5: E53X | EA5: A111T | EB5: A117V | EM5: R326Q | EQ5: K86E | GP5: N269S
A6: PA0426 | B6: mexB | I6: G957D | V6: G957D | AH6: G957D; V1042A | BB6: G957D | BJ6: E422X | BL6: Q319X | CF6: nt1135∆1 | CL6: A735D | CU6: G957D | DE6: G957D | DV6: nt881InsGG | DW6: G957D | EA6: G957D | EB6: nt2936∆1 | EO6: nt3018∆5 | ER6: A707S; I963V | ET6: T98A | EV6: G957D | EW6: G860D | EY6: G957D | EZ6: G957D | FG6: G957D | FI6: G957D | GL6: A539T | GN6: G957D | GS6: P190L
A7: PA0427 | B7: oprM | BI7: nt1451InsC | CK7: T198P | CQ7: T180I | DM7: nt501∆5 | ER7: Q265E
A8: PA0807 | B8: ampDh3 | N8: I67T | P8: R66C | AB8: I67T | AE8: A51T | BB8: P55S | BE8: R66C | BS8: I67T | CB8: I67T | CD8: I67T | DP8: nt410∆1 | DR8: nt410∆1 | DT8: I67T | ED8: Y207X | EZ8: L246P | FK8: I67T | FM8: A51T | FO8: I67T | GB8: I67T
A9: PA0869 | B9: PBP7 | E9: V61A | H9: V171I | M9: G137D | AS9: T200I | BI9: V305M | BL9: R112G | CS9: T200I; A290T | CW9: R175P | ER9: G30R | FF9: P88S | GN9: V9A | GQ9: H205N | GS9: V171I
A10: PA0958a | B10: oprD | C10: nt473∆14 | G10: W138X | I10: nt1056∆1 | V10: F321V, N430Y | Z10: nt1185∆1 | AG10: nt1206InsC | AH10: aa397∆9 | AN10: nt1206InsC | AO10: nt209∆10 | AQ10: D43N | AV10: Q142X | AW10: nt1206InsC | AX10: Q142X | BI10: nt438InsC | BJ10: W339X | BL10: nt175∆11 | BM10: L432P | BN10: nt199∆1 | BY10: Q142X | CA10: nt1206InsC | CE10: Q142X | CF10: Q142X | CH10: W277X | CK10: Q142X | CL10: Q142X | DE10: nt350InsC | DP10: W415X | DR10: W415X | DS10: T103S, K115T, F170L, nt169∆1, nt175InsA | DV10: nt55InsGCACT | DW10: D43N, M135I, E185Q, P186G, V189T, S267A, T276A, G310E, A315G, L347M, L359V, Q422E | DZ10: nt55InsGCACT | EC10: nt1206InsC | EE10: Y225X | EO10: L407P | EP10: S408P | EV10: W417X | EZ10: Q158X | FF10: Q422X | FI10: M135I | FJ10: D43N | FV10: W277X | GG10: W339G | GL10: D43N | GS10: nt742∆1 | GT10: nt991InsAC | GW10: Q142X
A11: PA1179 | B11: phoP | BK11: E35G | EN11: G70D
A12: PA1180 | B12: phoQ | AY12: R240C | BK12: S300R | BX12: S300R | CN12: A23V | CP12: Q308R | CT12: S300R | DY12: D326N | EH12: S300R | EJ12: S157T | ER12: D90E; E267Q; V369L | EW12: S300R | EX12: R3C
A13: PA1777 | B13: oprF | DB13: D64Y | DM13: nt164∆1
A14: PA1798 | B14: parS | C14: L79P | E14: V238L | I14: L137P; V216A | M14: S352I | U14: A82T | Z14: A345T | AJ14: R83K; V216A | AO14: A82T | AT14: R356L | BE14: R385H | BK14: aa118∆4 | BM14: L137P; nt998∆1 | BP14: A82T | BS14: G303R | BT14: R356L | CM14: S352I | CR14: A82T | CV14: R356L | DS14: V238L | DT14: Y73C | DY14: S33R | ED14: A293V | EI14: R356L | EL14: R356L | EM14: A82T; L346P | EP14: R356L | EZ14: V216A | FD14: S277N | FG14: R7H | FS14: D348N | FX14: Q349K | FZ14: V238L | GC14: D351N | GE14: A395T | GF14: V152A | GK14: A82T | GP14: A29V | GT14: L137P
A15: PA1799 | B15: parR | BO15: L90I | DJ15: aa214∆1 | FN15: P128S | GI15: V55I; I80L | GX15: R178C
A16: PA2018 | B16: mexY | C16: D428N | F16: A708T | G16: D428N | H16: L239P | J16: R1033L | K16: T742I | O16: A131T; P1032S | U16: V875M; N1036S | Z16: N709S | AC16: A586T; N709H | AH16: R706H | AS16: A772T | BB16: R251H; I543V | BH16: P1032S | BL16: G530S | BM16: G530S | CY16: A285T | DF16: P1032S | DI16: DELETED | DM16: R1033L | DN16: D628H | DU16: R1024S | DW16: R706H | DY16: T472P; P1032S | ED16: E505G | EG16: D724V | EQ16: P1032S | ER16: S48N; T472A; D502G; R519H; Q843R; I849V; A865D | FF16: A772T | FI16: R706H | FJ16: D428N | FN16: I531T | FR16: A772T | GF16: T238I | GI16: G1002A | GL16: T393A | GO16: A527V; V548M | GT16: G530S | GV16: G530S
A17: PA2019 | B17: mexX | K17: S320P | M17: I212L | P17: H119Y | U17: D346H | W17: S382G | AC17: S382G | AO17: D346H | BB17: A38T | BC17: S382G | BE17: H119Y | BI17: A375P; A383P | BP17: D346H | CJ17: V376M | CR17: D346H | DI17: DELETED | DU17: L154Q | ED17: R151H | EL17: Y255X | EM17: D346H | ER17: A15T; A48V; E142K; D384G | ES17: A36T | FN17: Q4H | FX17: W358C | FY17: Q396X | GG17: W358C | GK17: D346H | GL17: H119Y | GO17: A36T | GP17: R69Q
A18: PA2020 | B18: mexZ | D18: D83E | G18: aa103∆1 | I18: aa163InsY | X18: T12N | AG18: W185X | AL18: nt484InsC | AV18: G195D | AX18: G195D | AZ18: aa187∆6 | BB18: G68D | BD18: G195D | BL18: Q140K | BN18: G195D | BO18: nt526∆8 | BR18: V105G | BY18: G195D | CE18: G195D | CF18: G195D | CH18: V105G | CK18: G195D | CL18: G195D | CU18: aa48∆9 | CW18: H51D | DB18: A35V | DG18: R45C | DH18: nt386∆1 | DI18: DELETED | DL18: D83E | DP18: G195D | DR18: G195D | DV18: G195D | DX18: L37P | DY18: nt491∆10 | DZ18: G195D | EB18: Q132X | EC18: nt320∆16 | EN18: Y204X | ER18: F192L | EU18: nt367∆10 | EV18: nt100∆1 | EZ18: aa163InsY | FD18: A47V | FL18: G195D | FN18: A81V; Q134R | FP18: Q132P | FV18: G195D | GG18: A88P | GH18: G195D | GI18: nt227∆1 | GS18: R104W | GW18: G195D
A19: PA2023 | B19: galU | CF19: nt61∆5 | DD19: Δ63 | DI19: DELETED | DX19: G175S | EA19: aa207∆4 | EB19: Y12C; L21R; G56S | EN19: C242X | FE19: nt679∆1 | GS19: F248S
A20: PA2272 | B20: PBP3a | H20: D185E | M20: V187G; K358Q | N20: I143L | AB20: I143L | AQ20: E66G | AS20: P54S | AV20: E37K | AX20: E37K | BD20: E37K | BH20: H99R; L552V | BK20: A20S | BN20: E37K | BS20: I143L | BX20: A20S | BY20: E37K | CE20: E37K | CF20: E37K | CK20: E37K | CL20: E37K | DC20: K358Q | DL20: T335S | DP20: E37K | DR20: E37K | DV20: E37K | DX20: I451T | DZ20: E37K | EF20: K358Q | EG20: V18I; E90Q; A371T | EH20: A20S | ER20: V18I; A85T; A86G; N164D; V187I | EW20: A20S | FC20: V18I | FL20: E37K | FV20: E37K | GB20: I143L | GC20: K358Q | GE20: A86V | GH20: E37K | GW20: E37K
A21: PA2491 | B21: mexS | Q21: L32Q; V333M | AC21: P90L | AR21: Q100H | AZ21: G231S | BB21: V104A | BL21: ∆720 | BX21: K43E | CB21: V77I | CD21: V77I | CJ21: M106T | CP21: G11S | CU21: A52V | CV21: F10L | DK21: P13L | DQ21: nt907∆14 | DU21: P24L | EC21: V241M | EE21: nt396InsGT | EF21: X340ext | EG21: A175V; E181D; S289T; V308I | EL21: N246K | EN21: G76S | EO21: P225L | EP21: N246K | EQ21: DELETED | ER21: A175V; E181D; E286D | EW21: G248C | FC21: A175V; E181D; S289T; V308I | FK21: nt350∆1 | GI21: E205V | GQ21: G78S; aa147InsLKAG | GV21: D232G | GX21: S84F
A22: PA2492 | B22: mexT | C22: nt234∆8 | D22: nt234∆8 | E22: nt234∆8 | F22: nt234∆8 | G22: nt234∆8 | H22: nt234∆8 | I22: nt234∆8 | J22: nt234∆8 | K22: nt234∆8 | L22: nt234∆8 | M22: nt234∆8 | N22: nt234∆8 | O22: nt234∆8 | P22: nt234∆8 | Q22: R334C; nt234∆8 | R22: nt234∆8 | S22: nt234∆8 | T22: nt234∆8 | U22: nt234∆8 | V22: nt234∆8 | W22: nt234∆8 | X22: nt234∆8 | Y22: nt234∆8 | Z22: nt234∆8 | AB22: nt234∆8 | AC22: nt234∆8 | AD22: nt234∆8 | AE22: nt234∆8 | AF22: nt234∆8 | AG22: nt234∆8 | AH22: nt234∆8 | AI22: nt234∆8 | AJ22: nt234∆8 | AK22: nt234∆8 | AL22: nt234∆8 | AM22: nt234∆8 | AN22: nt234∆8 | AO22: nt234∆8 | AP22: nt234∆8 | AQ22: nt234∆8 | AR22: nt234∆8 | AS22: nt234∆8 | AT22: nt234∆8 | AU22: nt234∆8 | AV22: nt234∆8 | AW22: nt234∆8 | AX22: nt234∆8 | AY22: nt234∆8 | AZ22: nt234∆8 | BA22: nt234∆8 | BB22: nt234∆8 | BC22: nt234∆8 | BD22: nt234∆8 | BE22: nt234∆8 | BF22: nt234∆8 | BG22: nt234∆8 | BH22: nt234∆8 | BI22: nt234∆8 | BJ22: nt234∆8 | BK22: nt234∆8 | BL22: G276D; nt234∆8 | BM22: nt234∆8 | BN22: nt234∆8 | BO22: nt234∆8 | BP22: nt234∆8 | BQ22: nt234∆8 | BR22: nt234∆8 | BS22: nt234∆8 | BT22: nt234∆8 | BU22: nt234∆8 | BV22: nt234∆8 | BW22: nt234∆8 | BX22: nt234∆8 | BY22: nt234∆8 | BZ22: nt234∆8 | CA22: nt234∆8 | CB22: nt234∆8 | CC22: nt234∆8 | CD22: nt234∆8 | CE22: nt234∆8 | CF22: nt234∆8 | CG22: nt234∆8 | CH22: nt234∆8 | CI22: nt234∆8 | CJ22: nt234∆8 | CK22: nt234∆8 | CL22: nt234∆8 | CM22: nt234∆8 | CN22: V265A; nt234∆8 | CO22: nt234∆8 | CP22: A245V; nt234∆8 | CQ22: nt234∆8 | CR22: nt234∆8 | CS22: nt234∆8 | CT22: nt234∆8 | CU22: nt234∆8; nt395InsC | CV22: nt234∆8 | CW22: nt234∆8 | CX22: nt234∆8 | CY22: nt234∆8 | CZ22: nt234∆8 | DA22: nt234∆8 | DB22: nt234∆8 | DC22: nt234∆8 | DD22: nt234∆8 | DE22: nt234∆8 | DF22: nt234∆8 | DG22: nt234∆8 | DH22: nt234∆8 | DI22: nt234∆8 | DJ22: nt234∆8 | DK22: nt234∆8 | DL22: nt234∆8 | DM22: nt234∆8 | DN22: nt234∆8 | DO22: nt234∆8 | DP22: nt234∆8 | DQ22: nt234∆8 | DR22: nt234∆8 | DS22: nt234∆8 | DT22: nt234∆8 | DU22: nt234∆8 | DV22: nt234∆8 | DW22: nt234∆8 | DX22: nt234∆8 | DY22: nt234∆8 | DZ22: nt234∆8 | EA22: nt234∆8 | EB22: nt234∆8 | EC22: D96A; nt234∆8 | ED22: nt234∆8 | EE22: A47V; nt234∆8 | EF22: R334P; nt234∆8 | EG22: nt234∆8 | EH22: nt234∆8 | EI22: nt234∆8 | EJ22: nt234∆8 | EK22: nt234∆8 | EL22: nt234∆8 | EM22: nt234∆8 | EN22: nt234∆8 | EO22: nt234∆8 | EP22: nt234∆8 | EQ22: DELETED | ER22: nt234∆8 | ES22: nt234∆8 | ET22: nt234∆8 | EU22: nt234∆8 | EV22: nt234∆8 | EW22: nt234∆8 | EX22: nt234∆8 | EY22: nt234∆8 | EZ22: nt234∆8 | FA22: nt234∆8 | FB22: nt234∆8 | FC22: nt234∆8 | FD22: nt234∆8 | FE22: nt234∆8 | FF22: nt234∆8 | FG22: nt234∆8 | FH22: nt234∆8 | FI22: nt234∆8 | FJ22: nt234∆8 | FK22: nt234∆8 | FL22: nt234∆8 | FM22: nt234∆8 | FN22: nt234∆8 | FO22: nt234∆8 | FP22: nt234∆8 | FQ22: nt234∆8 | FR22: nt234∆8 | FS22: nt234∆8 | FT22: nt234∆8 | FU22: nt234∆8 | FV22: nt234∆8 | FW22: R209S; nt234∆8 | FX22: nt234∆8 | FY22: nt234∆8 | FZ22: nt234∆8 | GA22: nt234∆8 | GB22: nt234∆8 | GC22: nt234∆8 | GD22: nt234∆8 | GE22: nt234∆8 | GF22: nt234∆8 | GG22: nt234∆8 | GH22: nt234∆8 | GI22: nt234∆8 | GJ22: nt234∆8 | GK22: nt234∆8 | GL22: nt234∆8 | GM22: nt234∆8 | GN22: nt234∆8 | GO22: nt234∆8 | GP22: nt234∆8 | GQ22: nt234∆8 | GR22: nt234∆8 | GS22: nt234∆8 | GT22: nt234∆8 | GU22: nt234∆8 | GV22: nt234∆8 | GW22: nt234∆8 | GX22: nt234∆8
A23: PA2493 | B23: mexE | F23: G282S | T23: V156A | W23: P337A | BC23: P337A | BS23: G250D | CJ23: A377V | CN23: F284L | CU23: E2V; Q368R | DE23: E2V; Q368R | EQ23: DELETED | EV23: E2V; Q368R | EY23: E2V; Q368R | FJ23: V156A
A24: PA2494 | B24: mexF | AE24: F509V | AG24: Q363R | AS24: G1056D | BG24: A1062T | DC24: S510L | DT24: F509V | DX24: I753V | DY24: A598S | EB24: T95I | EC24: A550V | EQ24: DELETED | ER24: A256T; N276S; T713A | FM24: F509V | FR24: A842T | GA24: D669G | GD24: D669G | GI24: F509V
A25: PA2495 | B25: oprN | D25: A12T | L25: A228V | AC25: R363H | AK25: R151L | AS25: D102N | BA25: R455H | BC25: G364S | CJ25: T27A | CM25: P35L | DC25: A12T | DK25: R151L | DN25: A113S | DP25: P470S | DT25: R150H | ED25: T34S | EF25: A12T | EJ25: A140T | EQ25: DELETED | ER25: S77T; T275S | FZ25: V172I | GC25: D31V | GM25: A113S | GR25: D98E
A26: PA3047 | B26: PBP4 | C26: T428P | AJ26: Y61H | BQ26: G263S | BS26: D176N | BV26: A340G | CL26: A434T | EC26: T27S; S150G | ER26: R475Q | FD26: F324I | GN26: V289I | GT26: nt675InsTGGCC
A27: PA3168 | B27: gyrA | C27: T83I | G27: T83I | I27: T83I | Q27: T83I | X27: D87N | AP27: D87N | AV27: T83I; D87N | AX27: T83I; D87N | BD27: T83I; D87N | BF27: D87G | BI27: T83I | BM27: T83I | BN27: T83I; D87N | BO27: T83I | BR27: T83I; D87N | BY27: T83I; D87N | CA27: T83I; | CE27: T83I; D87N | CF27: T83I; D87N | CH27: T83I | CK27: T83I; D87N | CL27: T83I; D87N | CR27: T83I | CU27: T83I | DE27: T83I | DF27: T83I | DG27: T83I | DJ27: D87N | DK27: T83I | DP27: T83I | DQ27: T83I | DR27: T83I | DT27: D87N | DV27: T83I; D87N | DZ27: T83I; D87N | EB27: T83A; D87N | EC27: T83I | EE27: T83I | EF27: T83I | EI27: T83I | EL27: T83I | EP27: T83I | EQ27: D87N | EV27: T83I | EX27: T83I | EZ27: T83I | FD27: T83I; D87N | FG27: T83I | FL27: T83I; D87N | FR27: T83I | FV27: T83I; D87N | FW27: T83I | FX27: D87N | GH27: T83I; D87N | GT27: T83I | GV27: T83I | GW27: T83I; D87N
A28: PA3574 | B28: nalD | Q28: Q97X | BE28: aa25∆1 | BO28: T11N | BR28: ∆204 | CS28: T188A | CU28: nt263∆17 | DF28: nt396∆2 | DK28: C149Y | EC28: G78R; nt232∆19 | EL28: nt232∆19 | EP28: nt232∆19 | ER28: E21D | EV28: nt295∆17 | EX28: T188A | FD28: ∆605 | FW28: nt475∆16 | GA28: T188A | GD28: T188A | GJ28: T188A | GQ28: G172D
A29: PA3721 | B29: nalC | D29: T50P | H29: E153Q | M29: G213D | Y29: E153Q | CU29: E153Q | DD29: R191L | DE29: E153Q; nt12InsG | DJ29: E153Q | DW29: nt15∆1 | ER29: A4V | EV29: E153Q | EX29: nt15∆1 | EY29: E153Q | GO29: T100S | GS29: E153Q
A30: PA3999 | B30: PBP5 | AP30: V29I | AU30: V29I | CN30: V29I | DG30: V29I | EB30: nt390InsGT | ER30: N86S; S355T | FA30: V29I | FS30: V29I | FT30: N54S
A31: PA4003 | B31: PBP2 | AF31: A481T | BO31: A619E | BR31: A481T | CA31: A481T | CG31: D485N | CH31: A481T | EB31: D507G | ER31: A532V | ET31: L33P | GN31: S376N
A32: PA4020 | B32: mpl | E32: A356V | J32: D411A | P32: V358I | AC32: S306N | AJ32: A222G | AO32: Y35S | AP32: X452ext | AR32: D411A | AU32: X452ext | BE32: V358I | BH32: V358I | BM32: D411A; aa436InsGGF | CA32: V420M | CN32: A331T; X452ext | CP32: C410T | DC32: G231E | DG32: P178L; X452ext | DM32: D411A | DN32: C410T | DX32: T115A; nt111InsC | EE32: aa35∆4 | EF32: G231E | EG32: V124I; P274L | EI32: nt111InsC | EO32: H190Y | EP32: nt111InsC | ER32: I266S; Q347R | FA32: X452ext | FB32: D411A | FD32: S131N; A428T | FG32: R103P | FL32: V281F | FR32: D411A | FW32: nt111∆1 | GC32: D411A | GT32: D411A
A33: PA4109 | B33: ampR | AH33: A175V | AV33: G154R | AX33: G154R | BB33: A16V | BD33: G154R | BH33: G295R | BI33: D135G | BS33: S179N | BY33: G154R | CE33: G154R | CF33: G154R | CJ33: L177V | CK33: G154R | CL33: G154R | DE33: D135N | DM33: D135N | DT33: aa18InsVA | DW33: A175V | DX33: G295R | ED33: G231S | FI33: A175V | FJ33: E162Q | GQ33: G273E | GW33: G154R
A34: PA4110 | B34: ampC | AT34: G391P | BD34: E247G | BI34: R235H | BT34: G391P | CV34: G391P | DB34: G391P | EG34: Q311L | EL34: G391P | EX34: P82L
A35: PA4266 | B35: fusA1 | DM35: Q678L | DQ35: Q678R | DY35: R680C | ED35: S695T | EO35: T671A | GE35: K212T | GS35: Y552C
A36: PA4418 | B36: PBP3 | AW36: D440E | BI36: R551L | BK36: L21P | BO36: L23V | BQ36: L3V | EG36: L219V | ER36: L240V; A572V | FS36: G243S | FW36: I347T | GM36: L23V; Y146F
A37: PA4522 | B37: ampD | G37: L135Q | H37: P126Q | I37: A96T | P37: A134V | Q37: R140W | W37: A29T | AJ37: A136V | AP37: Q131X | AU37: A136V | BB37: T47I | BC37: A29T | BE37: A134V | BN37: T139M | BO37: D28G | CA37: S75F | CJ37: A144V | CN37: A136V | CO37: V10I | CY37: T182I | CZ37: A136V | DF37: A134P | DG37: A136V | DJ37: D59E | DP37: F113L | DR37: F113L | DZ37: V10G | EC37: L40Q | EG37: D83G | ER37: R11H; A85S; S175P | EZ37: A96T | FA37: A136V | FD37: A29V; W97C | FF37: G137E | FS37: A136V | GI37: G46S | GJ37: A29V; W97C | GO37: R178C | GS37: P126Q
A38: PA4597 | B38: oprJ | O38: I261T | T38: A152V | CG38: A40G | CQ38: D256G | DN38: N73D | DS38: V472A | DX38: R210H | EG38: N121S | EN38: D303V | ER38: A41T | ES38: L81I; A152T | FN38: A364V | GL38: S127N
A39: PA4598 | B39: mexD | C39: A566T; V607A | G39: A566T; V607A | H39: R596S; L1027V | W39: N775K | AL39: T778A; P829H | BC39: N775K | BI39: E602K | BK39: A566T; V607A | BX39: A566T; V607A | CG39: S606L | CT39: A566T; V607A | CY39: T489I | DB39: A734V | DT39: R333C | DU39: A905T | ED39: V364L; I610V | EG39: V364L; I610V; E650Q; H953N; A1039V | EH39: A566T; V607A | EJ39: aa1027InsLLS | EN39: aa1027InsLLS | ER39: G147D; A642D; H651R; T659S; S738N | ES39: G686R | EW39: A566T; V607A | EX39: V351L | FC39: V364L; I610V; E650Q; H953N; A1039V | FD39: T286M | FO39: I427V; G1042R | FX39: V914I | GL39: R696C | GS39: L1027V | GU39: R254H
A40: PA4599 | B40: mexC | E40: V131M | H40: V367A | Y40: A31V | AE40: G8R | AV40: E26A | AX40: E26A | BD40: E26A | BF40: nt205∆2 | BN40: E26A | BY40: E26A | CE40: E26A | CF40: E26A | CK40: E26A | CL40: E26A | CM40: M34I | CU40: A31V | DE40: A31V | DN40: T145I | DP40: E26A | DR40: E26A | DT40: Q206X | DV40: E26A | DX40: G254S | DZ40: E26A | EB40: Q134X | ER40: E152Q; V282I; N299S; G334A; V337A; E350K | EV40: A31V | EY40: A31V | FL40: E26A | FM40: G8R | FV40: E26A | FY40: E26A | GE40: S51R | GH40: E26A | GS40: V367A | GU40: V367A | GX40: E26A
A41: PA4600 | B41: nfxB | AE41: A124T | BB41: R163Q | BF41: A170T; nt65InsCC | CC41: A170T | CQ41: X188ext | DX41: G129R | EB41: Q64X | ED41: I149L | EF41: R47Q | EO41: R82L | ER41: E75G | FM41: A124T | FO41: G133S | GR41: R82L
A42: PA4700 | B42: PBP1b | E42: P495S | AK42: R360L | BA42: V491L | BL42: M715K | BM42: M715K | DK42: R360L | ED42: D502N | ER42: T410A; N555S | GC42: S701G | GT42: M715K | GV42: M715K
A43: PA4776 | B43: pmrA | H43: D61N | W43: E131D | BC43: E131D | BX43: R122H | EQ43: E163D | FC43: D61E | FZ43: R81Q | GS43: D61N
A44: PA4777 | B44: pmrB | M44: T343A | X44: V431I | Y44: V6A | BA44: T406A | BL44: V6A | BM44: V6A | BQ44: H311Q | CB44: H311Q; A413T | CD44: H311Q; A413T | CM44: V6A | CU44: G362S | CY44: S94N | DE44: G362S | DT44: H311Q; A413T | EN44: A467V | ER44: A197S; E213D; L217V; L398Q; G469S | ES44: G439D | EV44: G362S | EY44: G362S | FB44: A67T | FQ44: V431I | FR44: A67T | FY44: P369S | GS44: A173T | GT44: V6A | GV44: V6A
A45: PA4964 | B45: parC | I45: S87L | AV45: S87W | AX45: S87W | BD45: S87W | BM45: S87L | BN45: S87W | BR45: S87W | BY45: S87W | CA45: S87W | CE45: S87W | CF45: S87W | CH45: S87W | CK45: S87W | CL45: S87W | CR45: S87L | CU45: S87L | DE45: S87L | DG45: S87L | DP45: S87W | DR45: S87W | DV45: S87W | DZ45: S87W | EC45: S87L | EF45: S87L | EV45: S87L | EZ45: S87L | FD45: S87L | FG45: S87L | FL45: S87W | FR45: S87L | FV45: S87W | FW45: S87L | GH45: S87W | GW45: S87W
A46: PA4967 | B46: parE | G46: E459V | I46: P438S | P46: V200M | BE46: V200M | BF46: A473V | BH46: E215Q | CJ46: V629A | CZ46: P511S | DF46: E215Q | EL46: S457R | EO46: A473V | EP46: S457R | EQ46: E215Q | EX46: A473V; E459K | EZ46: P438S | FX46: I89T | GA46: A473V | GF46: A473V | GN46: A342V | GR46: A473V
A47: PA5045 | B47: PBP1a | D47: F6I | F47: E345D | AF47: I418T | AQ47: A368T | AV47: E245D | AW47: I418T | AX47: E245D | BD47: E245D | BN47: E245D | BO47: D309E | BR47: I418T | BW47: K703T | BY47: E245D | BZ47: I418T | CA47: I418T | CE47: E245D | CF47: E245D | CH47: I418T | CK47: E245D | CL47: E245D | CW47: I418T | DI47: I418T | DO47: I418T | DP47: E245D | DR47: E245D | DV47: E245D | DZ47: E245D | ER47: M389I; I403V; H628P | FC47: D625N | FE47: I418T | FK47: A368T | FL47: E245D | FR47: T256P | FU47: I418T | FV47: E245D | FX47: A72S | FY47: R378H | GH47: E245D | GJ47: R606S | GM47: A72S | GO47: T654P | GQ47: S717C | GT47: G596R | GU47: E367G | GW47: E245D
A48: PA5235 | B48: glpT | J48: Y205C | Q48: nt839∆1 | AE48: A201T | AS48: A17T | AU48: P444S | AV48: T211P | AX48: T211P | BD48: T211P | BI48: nt1109∆1 | BM48: G305D | BV48: I56F | BY48: T211P | CE48: T211P | CF48: T211P | CK48: T211P | CL48: T211P | CM48: T306P | CN48: P444S | CS48: C432S | CY48: C432S | DE48: S90P | DG48: G184R | DM48: Y205C | EC48: nt834∆1 | EJ48: C432S | ER48: G184R | EV48: aa74∆2 | FL48: W148X | FM48: A201T | FW48: nt576∆13 | FY48: T336P | FZ48: V332M | GE48: C432S | GO48: T336P | GP48: V125I | GS48: S313P | GW48: T211P | GX48: C432S
A49: PA5471 | B49: armZ | H49: A262S | AK49: R320C | AM49: N238S | AV49: V266M | AX49: V266M | BD49: V266M | BH49: D159N | BN49: V266M | BO49: A262S | BU49: A87T | BY49: V266M | CE49: V266M | CF49: V266M | CK49: V266M | CL49: V266M | CU49: R204C | DC49: S184G | DE49: R204C | DF49: A262S | DP49: V266M | DR49: V266M | DV49: V266M | DZ49: V266M | EE49: N238S | EF49: S184G | EG49: E307D; I346V | EK49: N238S | EQ49: A262S | ER49: V247I; V362I | ES49: R322S | ET49: N238S | EV49: R204C | EY49: R204C | FB49: G190S | FC49: I346V | FJ49: V266M | FL49: V266M | FN49: G134D | FR49: G190S | FV49: V266M | GH49: V266M | GP49: H182Y | GS49: A262S | GW49: V266M
A50: PA5485 | B50: ampDh2 | I50: V40I | V50: V40I | W50: Q117E | AC50: P116S | BC50: Q117E | CP50: Q110R | EA50: V40I | ER50: A8V; Q110K | EZ50: V40I | FG50: V40I | FT50: T115S | GX50: P21Q
A51: PA5513 | B51: poxA | D51: A278S; A280T | M51: H30Q; V267A | AR51: A280T | BA51: E282K | CC51: R112H | CO51: L257F | DE51: V83M | DN51: P92S | DS51: G269D | ER51: R47H; T232A; V267A; A278T | FB51: V108I | FO51: G138R; D241N; A278S; A280T | FR51: V108I | GE51: G64D | GL51: G64D | GN51: G13D; A88T
A52: PA5514 | B52: poxB (oxa-50) | E52: D86Y | F52: A189T | Z52: S7N | AH52: P197Q | AK52: K159N | DA52: A133G | DC52: E176A; A189T | DK52: K159N | DL52: A8T | DS52: nt134∆1 | DU52: A189T | DW52: P197Q | EF52: E176A; A189T | ER52: K256T | FI52: P197Q | FX52: P117Q | GE52: R49L | GL52: N134D | GN52: D23N | GS52: D23N
A53: PA5542 | B53: PIB-1 | H53: P249L | M53: P219T | AE53: P357L | AF53: R97T | AJ53: Y168H; S224A | AW53: R97T | AY53: R97T | BL53: V17I | BM53: V17I | BR53: R97T | BZ53: R97T | CA53: R97T | CH53: R97T | CI53: V173M | CW53: R97T | CY53: P219S | DH53: H236Q | DI53: R97T | DO53: R97T | DS53: Q278X | DZ53: S224A | ED53: S3N; A11V; E265Q | EG53: S3N; A11V; E265Q; V304M | ER53: A75P; G91D; A363V | FC53: S3N; V77M; E265Q; E273K; E323G | FE53: R97T | FM53: P357L | FT53: P357L | FU53: R97T | FX53: G336S | GM53: A19S | GN53: P249L | GP53: A19V | GS53: P249L; E265A | GT53: V17I | GV53: V17I
A54: ACQUIRED | B54: TOB | C54: aac(6')-Ic | I54: aac(3)-Ib | AV54: aadB | AX54: aadB | BD54: aadB | BE54: aacA4 | BM54: aacA4 | BN54: aadB | BO54: aac(3)-I | BY54: aadB | CE54: aadB | CF54: aadB | CH54: aac(3)-I, aph(3')-XV, aadA1 | CK54: aadB | CL54: aac(3)-I, aadB | CU54: aadB4, aadA6 | CW54: aacA4 | DE54: aac(3)-Ia, aadA1, aadA6 | DF54: aadB | DP54: aadB | DR54: aadB | DV54: aac(3)-Ia, aph(3')-Via, aadB | DZ54: aadB, aph(3')-VIa, aadA13, aacA4 | EV54: aadA6 | EZ54: aacA4 | FD54: aacA4, aadA1 | FG54: aacA4, aadB | FL54: aadB | FP54: aacA4, aadA1, aadA6 | FV54: aadB, aacA4 | GH54: aadB | GT54: aacA4; aadA2 | GW54: aadB
A55: ACQUIRED | B55: CAZ | BE55: blaOXA-15 | CH55: blaVIM-1 | CU55: OXA-2 | DF55: blaIMP-1 (K41E) | DV55: blaVIM-20 | DZ55: blaVIM-20, blaOXA-210 | FV55: blaGES-5
A56: ACQUIRED | B56: MER | BE56: blaOXA-15 | CH56: blaVIM-1 | CU56: OXA-2 | DF56: blaIMP-1 (K41E) | DV56: blaVIM-20 | DZ56: blaVIM-20, blaOXA-210 | FV56: blaGES-5
A57: ACQUIRED | B57: CIP | EZ57: aac(6')Ib-cr
A58: ACQUIRED | B58: C/T | BE58: blaOXA-15 | CH58: blaVIM-1 | CU58: OXA-2 | DF58: blaIMP-1 (K41E) | DV58: blaVIM-20 | DZ58: blaVIM-20, blaOXA-210 | FV58: blaGES-5

Sheet SCORES
A1: LOCUS | B1: GENE | C1: ANTIBIOTIC | D1: EFFECT | E1: VALUE | F1: TYPE OF MUTATION | G1: OBSERVACIONES | H1: AND01-001 | I1: AND01-004 | J1: AND01-005 | K1: AND01-006 | L1: AND02-001 | M1: AND02-002 | N1: AND02-003 | O1: AND02-006 | P1: AND03-001 | Q1: AND03-003 | R1: AND03-009 | S1: AND03-012 | T1: AND04-001 | U1: AND04-002 | V1: AND04-003 | W1: AND04-004A | X1: AND05-004 | Y1: AND05-005 | Z1: AND05-008 | AA1: AND05-009 | AB1: AND06-001 | AC1: AND06-002 | AD1: AND06-003 | AE1: AND06-006 | AF1: AND07-001 | AG1: AND07-002 | AH1: AND07-003 | AI1: AND07-005 | AJ1: ARA01-001 | AK1: ARA01-002 | AL1: ARA01-003 | AM1: ARA01-006 | AN1: ARA02-001 | AO1: ARA02-002 | AP1: ARA02-005 | AQ1: ARA02-007 | AR1: ARA03-001 | AS1: ARA03-002 | AT1: ARA03-003 | AU1: ARA03-004 | AV1: AST01-001 | AW1: AST01-003 | AX1: AST01-005 | AY1: AST01-006 | AZ1: BAL01-001 | BA1: BAL01-003 | BB1: BAL01-004 | BC1: BAL01-006 | BD1: BAL02-001 | BE1: BAL02-005 | BF1: BAL02-006 | BG1: BAL02-009 | BH1: BAL03-001 | BI1: BAL03-002 | BJ1: BAL03-003 | BK1: BAL03-006 | BL1: BAL04-001 | BM1: BAL04-002 | BN1: BAL04-003 | BO1: BAL04-004 | BP1: CAN01-001 | BQ1: CAN01-002 | BR1: CAN01-003 | BS1: CAN01-004 | BT1: CAT01-001 | BU1: CAT01-004 | BV1: CAT01-005 | BW1: CAT01-007 | BX1: CAT02-001 | BY1: CAT02-002 | BZ1: CAT02-003 | CA1: CAT02-004 | CB1: CAT03-001 | CC1: CAT03-002 | CD1: CAT03-004 | CE1: CAT03-005 | CF1: CAT04-001 | CG1: CAT04-002 | CH1: CAT04-003 | CI1: CAT04-004 | CJ1: CAT05-001 | CK1: CAT05-002 | CL1: CAT05-003 | CM1: CAT05-004 | CN1: CAT06-001 | CO1: CAT06-004 | CP1: CAT06-005 | CQ1: CAT06-008 | CR1: CAT07-001 | CS1: CAT07-002 | CT1: CAT07-003 | CU1: CAT07-005 | CV1: CAT08-013 | CW1: CAT08-014 | CX1: CAT08-015 | CY1: CAT08-016 | CZ1: CAT09-001 | DA1: CAT09-002 | DB1: CAT09-003 | DC1: CAT09-004 | DD1: CLE01-003 | DE1: CLE01-006 | DF1: CLE01-007 | DG1: CLE01-008 | DH1: CLE02-001 | DI1: CLE02-002 | DJ1: CLE02-004 | DK1: CLE02-006 | DL1: CLE03-003 | DM1: CLE03-004 | DN1: CLE03-005 | DO1: CLE03-006 | DP1: CLM01-001 | DQ1: CLM01-002 | DR1: CLM01-003 | DS1: CLM01-004 | DT1: CLM02-004 | DU1: CLM02-005 | DV1: CLM02-013 | DW1: CLM02-014 | DX1: CVA01-001 | DY1: CVA01-002 | DZ1: CVA01-005 | EA1: CVA01-006 | EB1: CVA02-001 | EC1: CVA02-002 | ED1: CVA02-003 | EE1: CVA02-005 | EF1: CVA03-001 | EG1: CVA03-002 | EH1: CVA03-004 | EI1: CVA03-006 | EJ1: EXT01-001 | EK1: EXT01-003 | EL1: EXT01-004 | EM1: EXT01-005 | EN1: GAL01-001 | EO1: GAL01-002 | EP1: GAL01-003 | EQ1: GAL01-012 | ER1: GAL02-001 | ES1: GAL02-002 | ET1: GAL02-004 | EU1: GAL02-006 | EV1: GAL03-002 | EW1: GAL03-003 | EX1: GAL03-004 | EY1: GAL03-005 | EZ1: GAL04-001 | FA1: GAL04-002 | FB1: GAL04-004 | FC1: GAL04-005 | FD1: GAL05-002 | FE1: GAL05-003 | FF1: GAL05-004 | FG1: GAL05-005 | FH1: GAL06-001 | FI1: GAL06-002 | FJ1: GAL06-003 | FK1: GAL06-004 | FL1: ICA01-001 | FM1: ICA01-002 | FN1: ICA01-003 | FO1: ICA01-004 | FP1: LRJ01-002 | FQ1: LRJ01-005 | FR1: LRJ01-010 | FS1: LRJ01-012 | FT1: MAD01-001 | FU1: MAD01-002 | FV1: MAD01-004 | FW1: MAD01-005 | FX1: MAD02-001 | FY1: MAD02-002 | FZ1: MAD02-004 | GA1: MAD02-005 | GB1: MAD03-001 | GC1: MAD03-002 | GD1: MAD03-004 | GE1: MAD03-005 | GF1: MAD04-001 | GG1: MAD04-002 | GH1: MAD04-003 | GI1: MAD04-004 | GJ1: MAD05-003 | GK1: MAD05-008 | GL1: MAD05-009 | GM1: MAD05-011 | GN1: MAD06-001 | GO1: MAD06-002 | GP1: MAD06-004 | GQ1: MAD06-005 | GR1: MUR01-001 | GS1: MUR01-002 | GT1: MUR01-003 | GU1: MUR01-004 | GV1: NAV01-001 | GW1: NAV01-004 | GX1: NAV01-005 | GY1: NAV01-012 | GZ1: PVA01-003 | HA1: PVA01-006 | HB1: PVA01-007 | HC1: PVA01-011
A2: ACQUIRED | B2: aac, aad, ant | C2: TOB | D2: + | E2: 1 | H2: =VC!C54 -> aac(6')-Ic | I2: =VC!D54 -> 0 | J2: =VC!E54 -> 0 | K2: =VC!F54 -> 0 | L2: =VC!G54 -> 0 | M2: =VC!H54 -> 0 | N2: =VC!I54 -> aac(3)-Ib | O2: =VC!J54 -> 0 | ... HC2: =VC!GX54 -> 0
A3: ACQUIRED | B3: blaOXA, blaNDM, blaVIM, blaIMP, blaCTX-M, blaKPC, blaCMY, blaDHA, blaACC, blaTEM, blaSHV, blaFOX, blaGES, blaIMI, blaOKP, blaOXY, blaPER, blaVEB, blaSMP, blaGIM, blaSIM | C3: CAZ | D3: + | E3: 2/0,5 | H3: =VC!C55 -> 0 | I3: =VC!D55 -> 0 | J3: =VC!E55 -> 0 | K3: =VC!F55 -> 0 | L3: =VC!G55 -> 0 | M3: =VC!H55 -> 0 | N3: =VC!I55 -> 0 | O3: =VC!J55 -> 0 | ... HC3: =VC!GX55 -> 0
A4: ACQUIRED | B4: blaNDM, blaSMP, blaGIM, blaSIM, blaVIM, blaIMP, blaKPC, blaGES, blaIMI, blaVEB | C4: MER | D4: + | E4: 2 | H4: =VC!C56 -> 0 | I4: =VC!D56 -> 0 | J4: =VC!E56 -> 0 | K4: =VC!F56 -> 0 | L4: =VC!G56 -> 0 | M4: =VC!H56 -> 0 | N4: =VC!I56 -> 0 | O4: =VC!J56 -> 0 | ... HC4: =VC!GX56 -> 0
A5: ACQUIRED | B5: blaOXA | C5: MER | D5: + | E5: 0.5 | H5: =VC!C56 -> 0 | I5: =VC!D56 -> 0 | J5: =VC!E56 -> 0 | K5: =VC!F56 -> 0 | L5: =VC!G56 -> 0 | M5: =VC!H56 -> 0 | N5: =VC!I56 -> 0 | O5: =VC!J56 -> 0 | ... HC5: =VC!GX56 -> 0
A6: ACQUIRED | B6: aac(6')-Ib-cr, oqx, qepA, qnr, crpP | C6: CIP | D6: + | E6: 1 | H6: =VC!C57 -> 0 | I6: =VC!D57 -> 0 | J6: =VC!E57 -> 0 | K6: =VC!F57 -> 0 | L6: =VC!G57 -> 0 | M6: =VC!H57 -> 0 | N6: =VC!I57 -> 0 | O6: =VC!J57 -> 0 | ... FD6: =VC!EY57 -> 0 | FF6: =VC!FA57 -> 0 | FG6: =VC!FB57 -> 0 | FH6: =VC!FC57 -> 0 | FI6: =VC!FD57 -> 0 | FJ6: =VC!FE57 -> 0 | FK6: =VC!FF57 -> 0 | FL6: =VC!FG57 -> 0 | FM6: =VC!FH57 -> 0 | ... HC6: =VC!GX57 -> 0
A7: ACQUIRED | B7: blaNDM, blaSMP, blaGIM, blaSIM, blaVIM, blaIMP, blaKPC, blaGES, blaIMI, blaVEB, blaOXA (espectro extendido) | C7: C/T | D7: + | E7: 2/0,5 | H7: =VC!C58 -> 0 | I7: =VC!D58 -> 0 | J7: =VC!E58 -> 0 | K7: =VC!F58 -> 0 | L7: =VC!G58 -> 0 | M7: =VC!H58 -> 0 | N7: =VC!I58 -> 0 | O7: =VC!J58 -> 0 | ... HC7: =VC!GX58 -> 0
A8: PA0004 | B8: gyrB | C8: CIP | D8: + | E8: 1 | F8: Gain of function | G8: SOLO REGION QRDR (466-468) | H8: =VC_NEW!C2 -> 0 | I8: =VC_NEW!D2 -> 0 | J8: =VC_NEW!E2 -> 0 | K8: =VC_NEW!F2 -> 0 | L8: =VC_NEW!G2 -> 0 | M8: =VC_NEW!H2 -> 0 | N8: =VC_NEW!I2 -> E468D | O8: =VC_NEW!J2 -> 0 | ... HC8: =VC_NEW!GX2 -> 0
A9: PA0424 | B9: mexR | C9: CAZ | D9: + | E9: 0,5/0,25 | F9: Loss of function | G9: DOBLE SCORE | H9: =VC_NEW!C4 -> 0 | I9: =VC_NEW!D4 -> 0 | J9: =VC_NEW!E4 -> 0 | K9: =VC_NEW!F4 -> 0 | L9: =VC_NEW!G4 -> 0 | M9: =VC_NEW!H4 -> 0 | N9: =VC_NEW!I4 -> 0 | O9: =VC_NEW!J4 -> 0 | ... HC9: =VC_NEW!GX4 -> 0
A10: PA0424 | B10: mexR | C10: MER | D10: + | E10: 0,5/0,25 | F10: Loss of function | G10: DOBLE SCORE | H10: =VC_NEW!C4 -> 0 | I10: =VC_NEW!D4 -> 0 | J10: =VC_NEW!E4 -> 0 | K10: =VC_NEW!F4 -> 0 | L10: =VC_NEW!G4 -> 0 | M10: =VC_NEW!H4 -> 0 | N10: =VC_NEW!I4 -> 0 | O10: =VC_NEW!J4 -> 0 | ... HC10: =VC_NEW!GX4 -> 0
A11: PA0424 | B11: mexR | C11: CIP | D11: + | E11: 0,5/0,25 | F11: Loss of function | G11: DOBLE SCORE | H11: =VC_NEW!C4 -> 0 | I11: =VC_NEW!D4 -> 0 | J11: =VC_NEW!E4 -> 0 | K11: =VC_NEW!F4 -> 0 | L11: =VC_NEW!G4 -> 0 | M11: =VC_NEW!H4 -> 0 | N11: =VC_NEW!I4 -> 0 | O11: =VC_NEW!J4 -> 0 | ... HC11: =VC_NEW!GX4 -> 0
A12: PA0424 | B12: mexR | C12: C/T | D12: + | E12: 0,25/0,125 | F12: Loss of function | G12: DOBLE SCORE | H12: =VC_NEW!C4 -> 0 | I12: =VC_NEW!D4 -> 0 | J12: =VC_NEW!E4 -> 0 | K12: =VC_NEW!F4 -> 0 | L12: =VC_NEW!G4 -> 0 | M12: =VC_NEW!H4 -> 0 | N12: =VC_NEW!I4 -> 0 | O12: =VC_NEW!J4 -> 0 | ... HC12: =VC_NEW!GX4 -> 0
A13: PA0425 | B13: mexA | C13: CAZ | D13: - | E13: -0.5 | F13: Loss of function | G13: SOLO STOP CODON/FS | H13: =VC_NEW!C5 -> 0 | I13: =VC_NEW!D5 -> 0 | J13: =VC_NEW!E5 -> 0 | K13: =VC_NEW!F5 -> 0 | L13: =VC_NEW!G5 -> 0 | M13: =VC_NEW!H5 -> 0 | N13: =VC_NEW!I5 -> 0 | O13: =VC_NEW!J5 -> 0 | ... HC13: =VC_NEW!GX5 -> 0
A14: PA0425 | B14: mexA | C14: MER | D14: - | E14: -0.5 | F14: Loss of function | G14: SOLO STOP CODON/FS | H14: =VC_NEW!C5 -> 0 | I14: =VC_NEW!D5 -> 0 | J14: =VC_NEW!E5 -> 0 | K14: =VC_NEW!F5 -> 0 | L14: =VC_NEW!G5 -> 0 | M14: =VC_NEW!H5 -> 0 | N14: =VC_NEW!I5 -> 0 | O14: =VC_NEW!J5 -> 0 | ... HC14: =VC_NEW!GX5 -> 0
A15: PA0425 | B15: mexA | C15: CIP | D15: - | E15: -0.5 | F15: Loss of function | G15: SOLO STOP CODON/FS | H15: =VC_NEW!C5 -> 0 | I15: =VC_NEW!D5 -> 0 | J15: =VC_NEW!E5 -> 0 | K15: =VC_NEW!F5 -> 0 | L15: =VC_NEW!G5 -> 0 | M15: =VC_NEW!H5 -> 0 | N15: =VC_NEW!I5 -> 0 | O15: =VC_NEW!J5 -> 0 | ... HC15: =VC_NEW!GX5 -> 0
A16: PA0425 | B16: mexA | C16: C/T | D16: - | E16: -0.25 | F16: Loss of function | G16: SOLO STOP CODON/FS | H16: =VC_NEW!C5 -> 0 | I16: =VC_NEW!D5 -> 0 | J16: =VC_NEW!E5 -> 0 | K16: =VC_NEW!F5 -> 0 | L16: =VC_NEW!G5 -> 0 | M16: =VC_NEW!H5 -> 0 | N16: =VC_NEW!I5 -> 0 | O16: =VC_NEW!J5 -> 0 | ... HC16: =VC_NEW!GX5 -> 0
A17: PA0426 | B17: mexB | C17: CAZ | D17: - | E17: -0.5 | F17: Loss of function | G17: SOLO STOP CODON/FS | H17: =VC_NEW!C6 -> 0 | I17: =VC_NEW!D6 -> 0 | J17: =VC_NEW!E6 -> 0 | K17: =VC_NEW!F6 -> 0 | L17: =VC_NEW!G6 -> 0 | M17: =VC_NEW!H6 -> 0 | N17: =VC_NEW!I6 -> 0 | O17: =VC_NEW!J6 -> 0 | ... HC17: =VC_NEW!GX6 -> 0
A18: PA0426 | B18: mexB | C18: MER | D18: - | E18: -0.5 | F18: Loss of function | G18: SOLO STOP CODON/FS | H18: =VC_NEW!C6 -> 0 | I18: =VC_NEW!D6 -> 0 | J18: =VC_NEW!E6 -> 0 | K18: =VC_NEW!F6 -> 0 | L18: =VC_NEW!G6 -> 0 | M18: =VC_NEW!H6 -> 0 | N18: =VC_NEW!I6 -> 0 | O18: =VC_NEW!J6 -> 0 | ... HC18: =VC_NEW!GX6 -> 0
A19: PA0426 | B19: mexB | C19: CIP | D19: - | E19: -0.5 | F19: Loss of function | G19: SOLO STOP CODON/FS | H19: =VC_NEW!C6 -> 0 | I19: =VC_NEW!D6 -> 0 | J19: =VC_NEW!E6 -> 0 | K19: =VC_NEW!F6 -> 0 | L19: =VC_NEW!G6 -> 0 | M19: =VC_NEW!H6 -> 0 | N19: =VC_NEW!I6 -> 0 | O19: =VC_NEW!J6 -> 0 | ... HC19: =VC_NEW!GX6 -> 0
A20: PA0426 | B20: mexB | C20: C/T | D20: - | E20: -0.25 | F20: Loss of function | G20: SOLO STOP CODON/FS | H20: =VC_NEW!C6 -> 0 | I20: =VC_NEW!D6 -> 0 | J20: =VC_NEW!E6 -> 0 | K20: =VC_NEW!F6 -> 0 | L20: =VC_NEW!G6 -> 0 | M20: =VC_NEW!H6 -> 0 | N20: =VC_NEW!I6 -> 0 | O20: =VC_NEW!J6 -> 0 | ... HC20: =VC_NEW!GX6 -> 0
A21: PA0427 | B21: oprM | C21: TOB | D21: - | E21: -0.5 | F21: Loss of function | G21: SOLO STOP CODON/FS | H21: =VC_NEW!C7 -> 0 | I21: =VC_NEW!D7 -> 0 | J21: =VC_NEW!E7 -> 0 | K21: =VC_NEW!F7 -> 0 | L21: =VC_NEW!G7 -> 0 | M21: =VC_NEW!H7 -> 0 | N21: =VC_NEW!I7 -> 0 | O21: =VC_NEW!J7 -> 0 | ... HC21: =VC_NEW!GX7 -> 0
A22: PA0427 | B22: oprM | C22: CAZ | D22: - | E22: -0.5 | F22: Loss of function | G22: SOLO STOP CODON/FS | H22: =VC_NEW!C7 -> 0 | I22: =VC_NEW!D7 -> 0 | J22: =VC_NEW!E7 -> 0 | K22: =VC_NEW!F7 -> 0 | L22: =VC_NEW!G7 -> 0 | M22: =VC_NEW!H7 -> 0 | N22: =VC_NEW!I7 -> 0 | O22: =VC_NEW!J7 -> 0 | ... HC22: =VC_NEW!GX7 -> 0
A23: PA0427 | B23: oprM | C23: MER | D23: - | E23: -0.5 | F23: Loss of function | G23: SOLO STOP CODON/FS | H23: =VC_NEW!C7 -> 0 | I23: =VC_NEW!D7 -> 0 | J23: =VC_NEW!E7 -> 0 | K23: =VC_NEW!F7 -> 0 | L23: =VC_NEW!G7 -> 0 | M23: =VC_NEW!H7 -> 0 | N23: =VC_NEW!I7 -> 0 | O23: =VC_NEW!J7 -> 0 | ... HC23: =VC_NEW!GX7 -> 0
A24: PA0427 | B24: oprM | C24: CIP | D24: - | E24: -0.5 | F24: Loss of function | G24: SOLO STOP CODON/FS | H24: =VC_NEW!C7 -> 0 | I24: =VC_NEW!D7 -> 0 | J24: =VC_NEW!E7 -> 0 | K24: =VC_NEW!F7 -> 0 | L24: =VC_NEW!G7 -> 0 | M24: =VC_NEW!H7 -> 0 | N24: =VC_NEW!I7 -> 0 | O24: =VC_NEW!J7 -> 0 | ... HC24: =VC_NEW!GX7 -> 0
A25: PA0427 | B25: oprM | C25: C/T | D25: - | E25: -0.25 | F25: Loss of function | G25: SOLO STOP CODON/FS | H25: =VC_NEW!C7 -> 0 | I25: =VC_NEW!D7 -> 0 | J25: =VC_NEW!E7 -> 0 | K25: =VC_NEW!F7 -> 0 | L25: =VC_NEW!G7 -> 0 | M25: =VC_NEW!H7 -> 0 | N25: =VC_NEW!I7 -> 0 | O25: =VC_NEW!J7 -> 0 | ... HC25: =VC_NEW!GX7 -> 0
A26: PA0807 | B26: ampDh3 | C26: CAZ | D26: + | E26: 0,25/0,125 | F26: Loss of function | G26: DOBLE SCORE | H26: =VC_NEW!C8 -> 0 | I26: =VC_NEW!D8 -> 0 | J26: =VC_NEW!E8 -> 0 | K26: =VC_NEW!F8 -> 0 | L26: =VC_NEW!G8 -> 0 | M26: =VC_NEW!H8 -> 0 | N26: =VC_NEW!I8 -> 0 | O26: =VC_NEW!J8 -> 0 | ... HC26: =VC_NEW!GX8 -> 0
A27: PA0958 | B27: oprD | C27: MER | D27: + | E27: 0,5/0,25 | F27: Loss of function | G27: DOBLE SCORE | H27: =VC_NEW!C10 -> nt473∆14 | I27: =VC_NEW!D10 -> 0 | J27: =VC_NEW!E10 -> 0 | K27: =VC_NEW!F10 -> 0 | L27: =VC_NEW!G10 -> W138X | M27: =VC_NEW!H10 -> 0 | N27: =VC_NEW!I10 -> nt1056∆1 | O27: =VC_NEW!J10 -> 0 | ... HC27: =VC_NEW!GX10 -> 0
A28: PA1798 | B28: parS | C28: TOB | D28: + | E28: 0,5/0,25 | F28: Gain of function | G28: DOBLE SCORE (L14Q, V101M, L137P, A138T, A168V, Q232E, G361R) | H28: =VC_NEW!C14 -> L79P | I28: =VC_NEW!D14 -> 0 | J28: =VC_NEW!E14 -> V238L | K28: =VC_NEW!F14 -> 0 | L28: =VC_NEW!G14 -> 0 | M28: =VC_NEW!H14 -> 0 | N28: =VC_NEW!I14 -> L137P; V216A | O28: =VC_NEW!J14 -> 0 | ... HC28: =VC_NEW!GX14 -> 0
A29: PA1798 | B29: parS | C29: MER | D29: + | E29: 0,5/0,25 | F29: Gain of function | G29: DOBLE SCORE (L14Q, V101M, L137P, A138T, A168V, Q232E, G361R) | H29: =VC_NEW!C14 -> L79P | I29: =VC_NEW!D14 -> 0 | J29: =VC_NEW!E14 -> V238L | K29: =VC_NEW!F14 -> 0 | L29: =VC_NEW!G14 -> 0 | M29: =VC_NEW!H14 -> 0 | N29: =VC_NEW!I14 -> L137P; V216A | O29: =VC_NEW!J14 -> 0 | ... HC29: =VC_NEW!GX14 -> 0
A30: PA1798 | B30: parS | C30: CIP | D30: + | E30: 0,25/0,125 | F30: Gain of function | G30: DOBLE SCORE (L14Q, V101M, L137P, A138T, A168V, Q232E, G361R) | H30: =VC_NEW!C14 -> L79P | I30: =VC_NEW!D14 -> 0 | J30: =VC_NEW!E14 -> V238L | K30: =VC_NEW!F14 -> 0 | L30: =VC_NEW!G14 -> 0 | M30: =VC_NEW!H14 -> 0 | N30: =VC_NEW!I14 -> L137P; V216A | O30: =VC_NEW!J14 -> 0 | ... HC30: =VC_NEW!GX14 -> 0
A31: PA1799 | B31: parR | C31: TOB | D31: + | E31: 0,5/0,25 | F31: Gain of function | G31: DOBLE SCORE (M59I, E156K) | H31: =VC_NEW!C15 -> 0 | I31: =VC_NEW!D15 -> 0 | J31: =VC_NEW!E15 -> 0 | K31: =VC_NEW!F15 -> 0 | L31: =VC_NEW!G15 -> 0 | M31: =VC_NEW!H15 -> 0 | N31: =VC_NEW!I15 -> 0 | O31: =VC_NEW!J15 -> 0 | ... HC31: =VC_NEW!GX15 -> R178C
A32: PA1799 | B32: parR | C32: MER | D32: + | E32: 0,5/0,25 | F32: Gain of function | G32: DOBLE SCORE (M59I, E156K) | H32: =VC_NEW!C15 -> 0 | I32: =VC_NEW!D15 -> 0 | J32: =VC_NEW!E15 -> 0 | K32: =VC_NEW!F15 -> 0 | L32: =VC_NEW!G15 -> 0 | M32: =VC_NEW!H15 -> 0 | N32: =VC_NEW!I15 -> 0 | O32: =VC_NEW!J15 -> 0 | ... HC32: =VC_NEW!GX15 -> R178C
A33: PA1799 | B33: parR | C33: CIP | D33: + | E33: 0,25/0,125 | F33: Gain of function | G33: DOBLE SCORE (M59I, E156K) | H33: =VC_NEW!C15 -> 0 | I33: =VC_NEW!D15 -> 0 | J33: =VC_NEW!E15 -> 0 | K33: =VC_NEW!F15 -> 0 | L33: =VC_NEW!G15 -> 0 | M33: =VC_NEW!H15 -> 0 | N33: =VC_NEW!I15 -> 0 | O33: =VC_NEW!J15 -> 0 | ... HC33: =VC_NEW!GX15 -> R178C
A34: PA2018 | B34: mexY | C34: TOB | D34: - | E34: -0.5 | F34: Loss of function | G34: SÓLO STOP CODON/ FS | H34: =VC_NEW!C16 -> D428N | I34: =VC_NEW!D16 -> 0 | J34: =VC_NEW!E16 -> 0 | K34: =VC_NEW!F16 -> A708T | L34: =VC_NEW!G16 -> D428N | M34: =VC_NEW!H16 -> L239P | N34: =VC_NEW!I16 -> 0 | O34: =VC_NEW!J16 -> 0 | ... HC34: =VC_NEW!GX16 -> 0
A35: PA2018 | B35: mexY | C35: MER | D35: - | E35: -0.5 | F35: Loss of function | G35: SÓLO STOP CODON/ FS | H35: =VC_NEW!C16 -> D428N | I35: =VC_NEW!D16 -> 0 | J35: =VC_NEW!E16 -> 0 | K35: =VC_NEW!F16 -> A708T | L35: =VC_NEW!G16 -> D428N | M35: =VC_NEW!H16 -> L239P | N35: =VC_NEW!I16 -> 0 | O35: =VC_NEW!J16 -> 0 | ... HC35: =VC_NEW!GX16 -> 0
A36: PA2018 | B36: mexY | C36: CIP | D36: - | E36: -0.25 | F36: Loss of function | G36: SÓLO STOP CODON/ FS | H36: =VC_NEW!C16 -> D428N | I36: =VC_NEW!D16 -> 0 | J36: =VC_NEW!E16 -> 0 | K36: =VC_NEW!F16 -> A708T | L36: =VC_NEW!G16 -> D428N | M36: =VC_NEW!H16 -> L239P | N36: =VC_NEW!I16 -> 0 | O36: =VC_NEW!J16 -> 0 | ... HC36: =VC_NEW!GX16 -> 0
A37: PA2019 | B37: mexX | C37: TOB | D37: - | E37: -0.5 | F37: Loss of function | G37: SÓLO STOP CODON/ FS | H37: =VC_NEW!C31 -> 0 | I37: =VC_NEW!D17 -> 0 | J37: =VC_NEW!E17 -> 0 | K37: =VC_NEW!F17 -> 0 | L37: =VC_NEW!G17 -> 0 | M37: =VC_NEW!H17 -> 0 | N37: =VC_NEW!I17 -> 0 | O37: =VC_NEW!J17 -> 0 | P37: =VC_NEW!K17 -> S320P | ... HC37: =VC_NEW!GX17 -> 0
A38: PA2019 | B38: mexX | C38: MER | D38: - | E38: -0.5 | F38: Loss of function | G38: SÓLO STOP CODON/ FS | H38: =VC_NEW!C32 -> 0 | I38: =VC_NEW!D17 -> 0 | J38: =VC_NEW!E17 -> 0 | K38: =VC_NEW!F17 -> 0 | L38: =VC_NEW!G17 -> 0 | M38: =VC_NEW!H17 -> 0 | N38: =VC_NEW!I17 -> 0 | O38: =VC_NEW!J17 -> 0 | P38: =VC_NEW!K17 -> S320P | ... HC38: =VC_NEW!GX17 -> 0
A39: PA2019 | B39: mexX | C39: CIP | D39: - | E39: -0.25 | F39: Loss of function | G39: SÓLO STOP CODON/ FS | H39: =VC_NEW!C33 -> 0 | I39: =VC_NEW!D17 -> 0 | J39: =VC_NEW!E17 -> 0 | K39: =VC_NEW!F17 -> 0 | L39: =VC_NEW!G17 -> 0 | M39: =VC_NEW!H17 -> 0 | N39: =VC_NEW!I17 -> 0 | O39: =VC_NEW!J17 -> 0 | P39: =VC_NEW!K17 -> S320P | ... HC39: =VC_NEW!GX17 -> 0
A40: PA2020 | B40: mexZ | C40: TOB | D40: + | E40: 0,5/0,25 | F40: Loss of function | G40: DOBLE SCORE | H40: =VC_NEW!C18 -> 0 | I40: =VC_NEW!D18 -> D83E | J40: =VC_NEW!E18 -> 0 | K40: =VC_NEW!F18 -> 0 | L40: =VC_NEW!G18 -> aa103∆1 | M40: =VC_NEW!H18 -> 0 | N40: =VC_NEW!I18 -> aa163InsY | O40: =VC_NEW!J18 -> 0 | ... HC40: =VC_NEW!GX18 -> 0
A41: PA2020 | B41: mexZ | C41: MER | D41: + | E41: 0,5/0,25 | F41: Loss of function | G41: DOBLE SCORE | H41: =VC_NEW!C18 -> 0 | I41: =VC_NEW!D18 -> D83E | J41: =VC_NEW!E18 -> 0 | K41: =VC_NEW!F18 -> 0 | L41: =VC_NEW!G18 -> aa103∆1 | M41: =VC_NEW!H18 -> 0 | N41: =VC_NEW!I18 -> aa163InsY | O41: =VC_NEW!J18 -> 0 | ... HC41: =VC_NEW!GX18 -> 0
A42: PA2020 | B42: mexZ | C42: CIP | D42: + | E42: 0,25/0,125 | F42: Loss of function | G42: DOBLE SCORE | H42: =VC_NEW!C18 -> 0 | I42: =VC_NEW!D18 -> D83E | J42: =VC_NEW!E18 -> 0 | K42: =VC_NEW!F18 -> 0 | L42: =VC_NEW!G18 -> aa103∆1 | M42: =VC_NEW!H18 -> 0 | N42: =VC_NEW!I18 -> aa163InsY | O42: =VC_NEW!J18 -> 0 | ... HC42: =VC_NEW!GX18 -> 0
A43: PA2023 | B43: galU | C43: TOB | D43: - | E43: -0,5/-0,25 | F43: Loss of function | G43: DOBLE SCORE | H43: =VC_NEW!C19 -> 0 | I43: =VC_NEW!D19 -> 0 | J43: =VC_NEW!E19 -> 0 | K43: =VC_NEW!F19 -> 0 | L43: =VC_NEW!G19 -> 0 | M43: =VC_NEW!H19 -> 0 | N43: =VC_NEW!I19 -> 0 | O43: =VC_NEW!J19 -> 0 | ... HC43: =VC_NEW!GX19 -> 0
A44: PA2023 | B44: galU | C44: CAZ | D44: + | E44: 0,5/0,25 | F44: Loss of function | G44: DOBLE SCORE | H44: =VC_NEW!C19 -> 0 | I44: =VC_NEW!D19 -> 0 | J44: =VC_NEW!E19 -> 0 | K44: =VC_NEW!F19 -> 0 | L44: =VC_NEW!G19 -> 0 | M44: =VC_NEW!H19 -> 0 | N44: =VC_NEW!I19 -> 0 | O44: =VC_NEW!J19 -> 0 | ... HC44: =VC_NEW!GX19 -> 0
A45: PA2023 | B45: galU | C45: MER | D45: + | E45: 0,5/0,25 | F45: Loss of function | G45: DOBLE SCORE | H45: =VC_NEW!C19 -> 0 | I45: =VC_NEW!D19 -> 0 | J45: =VC_NEW!E19 -> 0 | K45: =VC_NEW!F19 -> 0 | L45: =VC_NEW!G19 -> 0 | M45: =VC_NEW!H19 -> 0 | N45: =VC_NEW!I19 -> 0 | O45: =VC_NEW!J19 -> 0 | ... HC45: =VC_NEW!GX19 -> 0
A46: PA2023 | B46: galU | C46: C/T | D46: + | E46: 0,5/0,25 | F46: Loss of function | G46: DOBLE SCORE | H46: =VC_NEW!C19 -> 0 | I46: =VC_NEW!D19 -> 0 | J46: =VC_NEW!E19 -> 0 | K46: =VC_NEW!F19 -> 0 | L46: =VC_NEW!G19 -> 0 | M46: =VC_NEW!H19 -> 0 | N46: =VC_NEW!I19 -> 0 | O46: =VC_NEW!J19 -> 0 | ... HC46: =VC_NEW!GX19 -> 0
A47: PA2491 | B47: mexS* (mexT tiene que ser funcional!) | C47: MER | D47: + | E47: 0,5/0,25 | F47: Loss of function | G47: DOBLE SCORE | H47: =VC_NEW!C21 -> 0 | I47: =VC_NEW!D21 -> 0 | J47: =VC_NEW!E21 -> 0 | K47: =VC_NEW!F21 -> 0 | L47: =VC_NEW!G21 -> 0 | M47: =VC_NEW!H21 -> 0 | N47: =VC_NEW!I21 -> 0 | O47: =VC_NEW!J21 -> 0 | ... HC47: =VC_NEW!GX21 -> S84F
A48: PA2491 | B48: mexS* (mexT Y LA BOMBA tiene que ser funcional!) | C48: CIP | D48: + | E48: 1/0,5 | F48: Loss of function | G48: DOBLE SCORE | H48: =VC_NEW!C21 -> 0 | I48: =VC_NEW!D21 -> 0 | J48: =VC_NEW!E21 -> 0 | K48: =VC_NEW!F21 -> 0 | L48: =VC_NEW!G21 -> 0 | M48: =VC_NEW!H21 -> 0 | N48: =VC_NEW!I21 -> 0 | O48: =VC_NEW!J21 -> 0 | ... HC48: =VC_NEW!GX21 -> S84F
A49: PA2492 | B49: mexT* (Tiene que ser funcional!!) | C49: MER | D49: + | E49: 0,5/0,25 | F49: Gain of function | G49: DOBLE SCORE (G257S, G257A) | H49: =VC_NEW!C22 -> nt234∆8 | I49: =VC_NEW!D22 -> nt234∆8 | J49: =VC_NEW!E22 -> nt234∆8 | K49: =VC_NEW!F22 -> nt234∆8 | L49: =VC_NEW!G22 -> nt234∆8 | M49: =VC_NEW!H22 -> nt234∆8 | N49: =VC_NEW!I22 -> nt234∆8 | O49: =VC_NEW!J22 -> nt234∆8 | ... HC49: =VC_NEW!GX22 -> nt234∆8
A50: PA2492 | B50: mexT* (mexT Y LA BOMBA tiene que ser funcional!) | C50: CIP | D50: + | E50: 1/0,5 | F50: Gain of function | G50: DOBLE SCORE (G257S, G257A) | H50: =VC_NEW!C22 -> nt234∆8 | I50: =VC_NEW!D22 -> nt234∆8 | J50: =VC_NEW!E22 -> nt234∆8 | K50: =VC_NEW!F22 -> nt234∆8 | L50: =VC_NEW!G22 -> nt234∆8 | M50: =VC_NEW!H22 -> nt234∆8 | N50: =VC_NEW!I22 -> nt234∆8 | O50: =VC_NEW!J22 -> nt234∆8 | ... HC50: =VC_NEW!GX22 -> nt234∆8
A51: PA2493 | B51: mexE | C51: CIP | D51: - | F51: Loss of function | G51: SÓLO COMPROBAR SI ESTÁ ACTIVA | H51: =VC_NEW!C23 -> 0 | I51: =VC_NEW!D23 -> 0 | J51: =VC_NEW!E23 -> 0 | K51: =VC_NEW!F23 -> G282S | L51: =VC_NEW!G23 -> 0 | M51: =VC_NEW!H23 -> 0 | N51: =VC_NEW!I23 -> 0 | O51: =VC_NEW!J23 -> 0 | ... HC51: =VC_NEW!GX23 -> 0
A52: PA2494 | B52: mexF | C52: CIP | D52: - | F52: Loss of function | H52: =VC_NEW!C24 -> 0 | I52: =VC_NEW!D24 -> 0 | J52: =VC_NEW!E24 -> 0 | K52: =VC_NEW!F24 -> 0 | L52: =VC_NEW!G24 -> 0 | M52: =VC_NEW!H24 -> 0 | N52: =VC_NEW!I24 -> 0 | O52: =VC_NEW!J24 -> 0 | ... HC52: =VC_NEW!GX24 -> 0
A53: PA2495 | B53: oprN | C53: CIP | D53: - | F53: Loss of function | H53: =VC_NEW!C25 -> 0 | I53: =VC_NEW!D25 -> A12T | J53: =VC_NEW!E25 -> 0 | K53: =VC_NEW!F25 -> 0 | L53: =VC_NEW!G25 -> 0 | M53: =VC_NEW!H25 -> 0 | N53: =VC_NEW!I25 -> 0 | O53: =VC_NEW!J25 -> 0 | ... HC53: =VC_NEW!GX25 -> 0
A54: PA3047 | B54: dacB/PBP4 | C54: CAZ | D54: + | E54: 1/0,5 | F54: Loss of function | G54: DOBLE SCORE | H54: =VC_NEW!C26 -> T428P | I54: =VC_NEW!D26 -> 0 | J54: =VC_NEW!E26 -> 0 | K54: =VC_NEW!F26 -> 0 | L54: =VC_NEW!G26 -> 0 | M54: =VC_NEW!H26 -> 0 | N54: =VC_NEW!I26 -> 0 | O54: =VC_NEW!J26 -> 0 | ... HC54: =VC_NEW!GX26 -> 0
A55: PA3047 | B55: dacB/PBP4 | C55: MER | D55: + | E55: 0,25/0,125 | F55: Loss of function | G55: DOBLE SCORE | H55: =VC_NEW!C26 -> T428P | I55: =VC_NEW!D26 -> 0 | J55: =VC_NEW!E26 -> 0 | K55: =VC_NEW!F26 -> 0 | L55: =VC_NEW!G26 -> 0 | M55: =VC_NEW!H26 -> 0 | N55: =VC_NEW!I26 -> 0 | O55: =VC_NEW!J26 -> 0 | ... HC55: =VC_NEW!GX26 -> 0
A56: PA3047 | B56: dacB/PBP4 | C56: C/T | D56: + | E56: 0,25/0,125 | F56: Loss of function | G56: DOBLE SCORE | H56: =VC_NEW!C26 -> T428P | I56: =VC_NEW!D26 -> 0 | J56: =VC_NEW!E26 -> 0 | K56: =VC_NEW!F26 -> 0 | L56: =VC_NEW!G26 -> 0 | M56: =VC_NEW!H26 -> 0 | N56: =VC_NEW!I26 -> 0 | O56: =VC_NEW!J26 -> 0 | ... HC56: =VC_NEW!GX26 -> 0
A57: PA3168 | B57: gyrA | C57: CIP | D57: + | E57: 1 | F57: Gain of function | G57: SOLO QRDR (81, 83, 86, 87, 106) | H57: =VC_NEW!C27 -> T83I | I57: =VC_NEW!D27 -> 0 | J57: =VC_NEW!E27 -> 0 | K57: =VC_NEW!F27 -> 0 | L57: =VC_NEW!G27 -> T83I | M57: =VC_NEW!H27 -> 0 | N57: =VC_NEW!I27 -> T83I | O57: =VC_NEW!J27 -> 0 | ... HC57: =VC_NEW!GX27 -> 0
A58: PA3574 | B58: nalD | C58: CAZ | D58: + | E58: 0,5/0,25 | F58: Loss of function | G58: DOBLE SCORE | H58: =VC_NEW!C28 -> 0 | I58: =VC_NEW!D28 -> 0 | J58: =VC_NEW!E28 -> 0 | K58: =VC_NEW!F28 -> 0 | L58: =VC_NEW!G28 -> 0 | M58: =VC_NEW!H28 -> 0 | N58: =VC_NEW!I28 -> 0 | O58: =VC_NEW!J28 -> 0 | ... HC58: =VC_NEW!GX28 -> 0
A59: PA3574 | B59: nalD | C59: MER | D59: + | E59: 0,5/0,25 | F59: Loss of function | G59: DOBLE SCORE | H59: =VC_NEW!C28 -> 0 | I59: =VC_NEW!D28 -> 0 | J59: =VC_NEW!E28 -> 0 | K59: =VC_NEW!F28 -> 0 | L59: =VC_NEW!G28 -> 0 | M59: =VC_NEW!H28 -> 0 | N59: =VC_NEW!I28 -> 0 | O59: =VC_NEW!J28 -> 0 | ... HC59: =VC_NEW!GX28 -> 0
A60: PA3574 | B60: nalD | C60: CIP | D60: + | E60: 0,5/0,25 | F60: Loss of function | G60: DOBLE SCORE | H60: =VC_NEW!C28 -> 0 | I60: =VC_NEW!D28 -> 0 | J60: =VC_NEW!E28 -> 0 | K60: =VC_NEW!F28 -> 0 | L60: =VC_NEW!G28 -> 0 | M60: =VC_NEW!H28 -> 0 | N60: =VC_NEW!I28 -> 0 | O60: =VC_NEW!J28 -> 0 | ... HC60: =VC_NEW!GX28 -> 0
A61: PA3574 | B61: nalD | C61: C/T | D61: + | E61: 0,25/0,125 | F61: Loss of function | G61: DOBLE SCORE | H61: =VC_NEW!C28 -> 0 | I61: =VC_NEW!D28 -> 0 | J61: =VC_NEW!E28 -> 0 | K61: =VC_NEW!F28 -> 0 | L61: =VC_NEW!G28 -> 0 | M61: =VC_NEW!H28 -> 0 | N61: =VC_NEW!I28 -> 0 | O61: =VC_NEW!J28 -> 0 | ... HC61: =VC_NEW!GX28 -> 0
A62: PA3721 | B62: nalC | C62: CAZ | D62: + | E62: 0,5/0,25 | F62: Loss of function | G62: DOBLE SCORE | H62: =VC_NEW!C29 -> 0 | I62: =VC_NEW!D29 -> T50P | J62: =VC_NEW!E29 -> 0 | K62: =VC_NEW!F29 -> 0 | L62: =VC_NEW!G29 -> 0 | M62: =VC_NEW!H29 -> 0 | N62: =VC_NEW!I29 -> 0 | O62: =VC_NEW!J29 -> 0 | ... HC62: =VC_NEW!GX29 -> 0
A63: PA3721 | B63: nalC | C63: MER | D63: + | E63: 0,5/0,25 | F63: Loss of function | G63: DOBLE SCORE | H63: =VC_NEW!C29 -> 0 | I63: =VC_NEW!D29 -> T50P | J63: =VC_NEW!E29 -> 0 | K63: =VC_NEW!F29 -> 0 | L63: =VC_NEW!G29 -> 0 | M63: =VC_NEW!H29 -> 0 | N63: =VC_NEW!I29 -> 0 | O63: =VC_NEW!J29 -> 0 | ... HC63: =VC_NEW!GX29 -> 0
A64: PA3721 | B64: nalC | C64: CIP | D64: + | E64: 0,5/0,25 | F64: Loss of function | G64: DOBLE SCORE | H64: =VC_NEW!C29 -> 0 | I64: =VC_NEW!D29 -> T50P | J64: =VC_NEW!E29 -> 0 | K64: =VC_NEW!F29 -> 0 | L64: =VC_NEW!G29 -> 0 | M64: =VC_NEW!H29 -> 0 | N64: =VC_NEW!I29 -> 0 | O64: =VC_NEW!J29 -> 0 | ... HC64: =VC_NEW!GX29 -> 0
A65: PA3721 | B65: nalC | C65: C/T | D65: + | E65: 0,25/0,125 | F65: Loss of function | G65: DOBLE SCORE | H65: =VC_NEW!C29 -> 0 | I65: =VC_NEW!D29 -> T50P | J65: =VC_NEW!E29 -> 0 | K65: =VC_NEW!F29 -> 0 | L65: =VC_NEW!G29 -> 0 | M65: =VC_NEW!H29 -> 0 | N65: =VC_NEW!I29 -> 0 | O65: =VC_NEW!J29 -> 0 | ... HC65: =VC_NEW!GX29 -> 0
A66: PA3999 | B66: dacC/PBP5 | C66: CAZ | D66: + | E66: 0.125 | F66: Gain of function | G66: NO INDEL/CODON STOP | H66: =VC_NEW!C30 -> 0 | I66: =VC_NEW!D30 -> 0 | J66: =VC_NEW!E30 -> 0 | K66: =VC_NEW!F30 -> 0 | L66: =VC_NEW!G30 -> 0 | M66: =VC_NEW!H30 -> 0 | N66: =VC_NEW!I30 -> 0 | O66: =VC_NEW!J30 -> 0 | ... HC66: =VC_NEW!GX30 -> 0
A67: PA4003 | B67: pbpA/PBP2 | C67: MER | D67: + | E67: 0.25 | F67: Gain of function | G67: NO INDEL/CODON STOP | H67: =VC_NEW!C31 -> 0 | I67: =VC_NEW!D31 -> 0 | J67: =VC_NEW!E31 -> 0 | K67: =VC_NEW!F31 -> 0 | L67: =VC_NEW!G31 -> 0 | M67: =VC_NEW!H31 -> 0 | N67: =VC_NEW!I31 -> 0 | O67: =VC_NEW!J31 -> 0 | ... HC67: =VC_NEW!GX31 -> 0
A68: PA4020 | B68: mpl | C68: CAZ | D68: + | E68: 0,5/0,25 | F68: Loss of function | G68: DOBLE SCORE | H68: =VC_NEW!C32 -> 0 | I68: =VC_NEW!D32 -> 0 | J68: =VC_NEW!E32 -> A356V | K68: =VC_NEW!F32 -> 0 | L68: =VC_NEW!G32 -> 0 | M68: =VC_NEW!H32 -> 0 | N68: =VC_NEW!I32 -> 0 | O68: =VC_NEW!J32 -> 0 | ... HC68: =VC_NEW!GX32 -> 0
A69: PA4020 | B69: mpl | C69: MER | D69: + | E69: 0,25/0,125 | F69: Loss of function | G69: DOBLE SCORE | H69: =VC_NEW!C32 -> 0 | I69: =VC_NEW!D32 -> 0 | J69: =VC_NEW!E32 -> A356V | K69: =VC_NEW!F32 -> 0 | L69: =VC_NEW!G32 -> 0 | M69: =VC_NEW!H32 -> 0 | N69: =VC_NEW!I32 -> 0 | O69: =VC_NEW!J32 -> 0 | ... HC69: =VC_NEW!GX32 -> 0
A70: PA4020 | B70: mpl | C70: C/T | D70: + | E70: 0,25/0,125 | F70: Loss of function | G70: DOBLE SCORE | H70: =VC_NEW!C32 -> 0 | I70: =VC_NEW!D32 -> 0 | J70: =VC_NEW!E32 -> A356V | K70: =VC_NEW!F32 -> 0 | L70: =VC_NEW!G32 -> 0 | M70: =VC_NEW!H32 -> 0 | N70: =VC_NEW!I32 -> 0 | O70: =VC_NEW!J32 -> 0 | ... HC70: =VC_NEW!GX32 -> 0
A71: PA4109 | B71: ampR | C71: CAZ | D71: + | E71: 1 | F71: Gain of function | G71: ONLY: D135N, G154R | H71: =VC_NEW!C33 -> 0 | I71: =VC_NEW!D33 -> 0 | J71: =VC_NEW!E33 -> 0 | K71: =VC_NEW!F33 -> 0 | L71: =VC_NEW!G33 -> 0 | M71: =VC_NEW!H33 -> 0 | N71: =VC_NEW!I33 -> 0 | O71: =VC_NEW!J33 -> 0 | ... HC71: =VC_NEW!GX33 -> 0
A72: PA4109 | B72: ampR | C72: MER | D72: + | E72: 0.25 | F72: Gain of function | G72: ONLY: D135N, G154R | H72: =VC_NEW!C33 -> 0 | I72: =VC_NEW!D33 -> 0 | J72: =VC_NEW!E33 -> 0 | K72: =VC_NEW!F33 -> 0 | L72: =VC_NEW!G33 -> 0 | M72: =VC_NEW!H33 -> 0 | N72: =VC_NEW!I33 -> 0 | O72: =VC_NEW!J33 -> 0 | ... HC72: =VC_NEW!GX33 -> 0
A73: PA4109 | B73: ampR | C73: C/T | D73: + | E73: 0.25 | F73: Gain of function | G73: ONLY: D135N, G154R | H73: =VC_NEW!C33 -> 0 | I73: =VC_NEW!D33 -> 0 | J73: =VC_NEW!E33 -> 0 | K73: =VC_NEW!F33 -> 0 | L73: =VC_NEW!G33 -> 0 | M73: =VC_NEW!H33 -> 0 | N73: =VC_NEW!I33 -> 0 | O73: =VC_NEW!J33 -> 0 | ... HC73: =VC_NEW!GX33 -> 0
A74: PA4110 | B74: ampC* (SOLO SI HIPEREXPRESION!) | C74: CAZ | D74: + | E74: 0,5/0,25 | F74: Gain of function | G74: DOBLE score (80-93, 205-254, 307-321, 342-344, 372-397) | H74: =VC_NEW!C34 -> 0 | I74: =VC_NEW!D34 -> 0 | J74: =VC_NEW!E34 -> 0 | K74: =VC_NEW!F34 -> F6L | L74: =VC_NEW!G34 -> 0 | M74: =VC_NEW!H34 -> L200F | N74: =VC_NEW!I34 -> 0 | O74: =VC_NEW!J34 -> I365V | ... HC74: =VC_NEW!GX34 -> 0
A75: PA4110 | B75: ampC* (SOLO SI HIPEREXPRESION!) | C75: C/T | D75: + | E75: 0,75/0,375 | F75: Gain of function | G75: DOBLE score (80-93, 205-254, 307-321, 342-344, 372-397) | H75: =VC_NEW!C34 -> 0 | I75: =VC_NEW!D34 -> 0 | J75: =VC_NEW!E34 -> 0 | K75: =VC_NEW!F34 -> F6L | L75: =VC_NEW!G34 -> 0 | M75: =VC_NEW!H34 -> L200F | N75: =VC_NEW!I34 -> 0 | O75: =VC_NEW!J34 -> I365V | ... HC75: =VC_NEW!GX34 -> 0
A76: PA4266 | B76: fusA1 | C76: TOB | D76: + | E76: 0,5/0,25 | F76: Gain of function | G76: DOBLE SCORE: I61M, V93A, E100G, K504E, Y552C, P554L, A555E, N592I, P618L, T671A, T671I | H76: =VC_NEW!C35 -> 0 | I76: =VC_NEW!D35 -> 0 | J76: =VC_NEW!E35 -> 0 | K76: =VC_NEW!F35 -> 0 | L76: =VC_NEW!G35 -> 0 | M76: =VC_NEW!H35 -> 0 | N76: =VC_NEW!I35 -> 0 | O76: =VC_NEW!J35 -> 0 | ... HC76: =VC_NEW!GX35 -> 0
A77: PA4418 | B77: ftsI/PBP3 | C77: CAZ | D77: + | E77: 0,5/0,25 | F77: Gain of function | G77: DOBLE SCORE: 268, 283, 394, 504, 505, 527, 533 | H77: =VC_NEW!C36 -> 0 | I77: =VC_NEW!D36 -> 0 | J77: =VC_NEW!E36 -> 0 | K77: =VC_NEW!F36 -> 0 | L77: =VC_NEW!G36 -> 0 | M77: =VC_NEW!H36 -> 0 | N77: =VC_NEW!I36 -> 0 | O77: =VC_NEW!J36 -> 0 | ... HC77: =VC_NEW!GX36 -> 0
A78: PA4418 | B78: ftsI/PBP3 | C78: MER | D78: + | E78: 0,5/0,25 | F78: Gain of function | G78: DOBLE SCORE: 268, 283, 394, 504, 505, 527, 533 | H78: =VC_NEW!C36 -> 0 | I78: =VC_NEW!D36 -> 0 | J78: =VC_NEW!E36 -> 0 | K78: =VC_NEW!F36 -> 0 | L78: =VC_NEW!G36 -> 0 | M78: =VC_NEW!H36 -> 0 | N78: =VC_NEW!I36 -> 0 | O78: =VC_NEW!J36 -> 0 | ... HC78: =VC_NEW!GX36 -> 0
A79: PA4418 | B79: ftsI/PBP3 | C79: C/T | D79: + | E79: 0,5/0,25 | F79: Gain of function | G79: DOBLE SCORE: 268, 283, 394, 504, 505, 527, 533 | H79: =VC_NEW!C36 -> 0 | I79: =VC_NEW!D36 -> 0 | J79: =VC_NEW!E36 -> 0 | K79: =VC_NEW!F36 -> 0 | L79: =VC_NEW!G36 -> 0 | M79: =VC_NEW!H36 -> 0 | N79: =VC_NEW!I36 -> 0 | O79: =VC_NEW!J36 -> 0 | ... HC79: =VC_NEW!GX36 -> 0
A80: PA4522 | B80: ampD | C80: CAZ | D80: + | E80: 1/0,5 | F80: Loss of function | G80: DOBLE SCORE | H80: =VC_NEW!C37 -> 0 | I80: =VC_NEW!D37 -> 0 | J80: =VC_NEW!E37 -> 0 | K80: =VC_NEW!F37 -> 0 | L80: =VC_NEW!G37 -> L135Q | M80: =VC_NEW!H37 -> P126Q | N80: =VC_NEW!I37 -> A96T | O80: =VC_NEW!J37 -> 0 | ... HC80: =VC_NEW!GX37 -> 0
A81: PA4522 | B81: ampD | C81: MER | D81: + | E81: 0,25/0,125 | F81: Loss of function | G81: DOBLE SCORE | H81: =VC_NEW!C37 -> 0 | I81: =VC_NEW!D37 -> 0 | J81: =VC_NEW!E37 -> 0 | K81: =VC_NEW!F37 -> 0 | L81: =VC_NEW!G37 -> L135Q | M81: =VC_NEW!H37 -> P126Q | N81: =VC_NEW!I37 -> A96T | O81: =VC_NEW!J37 -> 0 | ... HC81: =VC_NEW!GX37 -> 0
A82: PA4522 | B82: ampD | C82: C/T | D82: + | E82: 0,25/0,125 | F82: Loss of function | G82: DOBLE SCORE | H82: =VC_NEW!C37 -> 0 | I82: =VC_NEW!D37 -> 0 | J82: =VC_NEW!E37 -> 0 | K82: =VC_NEW!F37 -> 0 | L82: =VC_NEW!G37 -> L135Q | M82: =VC_NEW!H37 -> P126Q | N82: =VC_NEW!I37 -> A96T | O82: =VC_NEW!J37 -> 0 | ... HC82: =VC_NEW!GX37 -> 0
A83: PA4597 | B83: oprJ | C83: CIP | D83: - | F83: Loss of function | G83: SÓLO COMPROBAR SI ESTÁ ACTIVA | H83: =VC_NEW!C38 -> 0 | I83: =VC_NEW!D38 -> 0 | J83: =VC_NEW!E38 -> 0 | K83: =VC_NEW!F38 -> 0 | L83: =VC_NEW!G38 -> 0 | M83: =VC_NEW!H38 -> 0 | N83: =VC_NEW!I38 -> 0 | O83: =VC_NEW!J38 -> 0 | ... HC83: =VC_NEW!GX38 -> 0
A84: PA4598 | B84: mexD | C84: CIP | D84: - | F84: Loss of function | H84: =VC_NEW!C39 -> A566T; V607A | I84: =VC_NEW!D39 -> 0 | J84: =VC_NEW!E39 -> 0 | K84: =VC_NEW!F39 -> 0 | L84: =VC_NEW!G39 -> A566T; V607A | M84: =VC_NEW!H39 -> R596S; L1027V | N84: =VC_NEW!I39 -> 0 | O84: =VC_NEW!J39 -> 0 | ... HC84: =VC_NEW!GX39 -> 0
A85: PA4599 | B85: mexC | C85: CIP | D85: - | F85: Loss of function | H85: =VC_NEW!C40 -> 0 | I85: =VC_NEW!D40 -> 0 | J85: =VC_NEW!E40 -> V131M | K85: =VC_NEW!F40 -> 0 | L85: =VC_NEW!G40 -> 0 | M85: =VC_NEW!H40 -> V367A | N85: =VC_NEW!I40 -> 0 | O85: =VC_NEW!J40 -> 0 | ... HC85: =VC_NEW!GX40 -> E26A
A86: PA4600 | B86: nfxB (LA BOMBA tiene que ser funcional!) | C86: CIP | D86: + | E86: 1/0,5 | F86: Loss of function | G86: DOBLE SCORE | H86: =VC_NEW!C41 -> 0 | I86: =VC_NEW!D41 -> 0 | J86: =VC_NEW!E41 -> 0 | K86: =VC_NEW!F41 -> 0 | L86: =VC_NEW!G41 -> 0 | M86: =VC_NEW!H41 -> 0 | N86: =VC_NEW!I41 -> 0 | O86: =VC_NEW!J41 -> 0 | ... HC86: =VC_NEW!GX41 -> 0
A87: PA4775 | B87: pmrA | C87: TOB | D87: + | E87: 0,5/0,25 | F87: Gain of function | G87: DOBLE SCORE: L157Q | H87: =VC_NEW!C43 -> 0 | I87: =VC_NEW!D43 -> 0 | J87: =VC_NEW!E43 -> 0 | K87: =VC_NEW!F43 -> 0 | L87: =VC_NEW!G43 -> 0 | M87: =VC_NEW!H43 -> D61N | N87: =VC_NEW!I43 -> 0 | O87: =VC_NEW!J43 -> 0 | ... HC87: =VC_NEW!GX43 -> 0
A88: PA4776 | B88: pmrB | C88: TOB | D88: + | E88: 0,5/0,25 | F88: Gain of function | G88: DOBLE SCORE: L14P, A54V, R79H, R135Q, A247T, A248T, A248V, R259H, M292I, M292T | H88: =VC_NEW!C44 -> 0 | I88: =VC_NEW!D44 -> 0 | J88: =VC_NEW!E44 -> 0 | K88: =VC_NEW!F44 -> 0 | L88: =VC_NEW!G44 -> 0 | M88: =VC_NEW!H44 -> 0 | N88: =VC_NEW!I44 -> 0 | O88: =VC_NEW!J44 -> 0 | ... HC88: =VC_NEW!GX44 -> 0
A89: PA4964 | B89: parC | C89: CIP | D89: + | E89: 0.5 | F89: Gain of function | G89: SOLO QRDR: 87 | H89: =VC_NEW!C45 -> 0 | I89: =VC_NEW!D45 -> 0 | J89: =VC_NEW!E45 -> 0 | K89: =VC_NEW!F45 -> R441L | L89: =VC_NEW!G45 -> 0 | M89: =VC_NEW!H45 -> 0 | N89: =VC_NEW!I45 -> S87L | O89: =VC_NEW!J45 -> 0 | ... HC89: =VC_NEW!GX45 -> 0
A90: PA4967 | B90: parE | C90: CIP | D90: + | E90: 0.5 | F90: Gain of function | G90: SOLO QRDR: 457-459 | H90: =VC_NEW!C46 -> 0 | I90: =VC_NEW!D46 -> 0 | J90: =VC_NEW!E46 -> 0 | K90: =VC_NEW!F46 -> 0 | L90: =VC_NEW!G46 -> E459V | M90: =VC_NEW!H46 -> 0 | N90: =VC_NEW!I46 -> P438S | O90: =VC_NEW!J46 -> 0 | ... HC90: =VC_NEW!GX46 -> 0
A91: PA5471.1 | B91: armZ | C91: TOB | D91: + | E91: 0,5/0,25 | F91: Loss of function | G91: DOBLE SCORE | H91: =VC_NEW!C49 -> 0 | I91: =VC_NEW!D49 -> 0 | J91: =VC_NEW!E49 -> 0 | K91: =VC_NEW!F49 -> 0 | L91: =VC_NEW!G49 -> 0 | M91: =VC_NEW!H49 -> A262S | N91: =VC_NEW!I49 -> 0 | O91: =VC_NEW!J49 -> 0 | ... HC91: =VC_NEW!GX49 -> 0
A92: PA5485 | B92: ampDh2 | C92: CAZ | D92: + | E92: 0,25/0,125 | F92: Loss of function | G92: DOBLE SCORE | H92: =VC_NEW!C50 -> 0 | I92: =VC_NEW!D50 -> 0 | J92: =VC_NEW!E50 -> 0 | K92: =VC_NEW!F50 -> 0 | L92: =VC_NEW!G50 -> 0 | M92: =VC_NEW!H50 -> 0 | N92: =VC_NEW!I50 -> 0 | O92: =VC_NEW!J50 -> 0 | ... HC92: =VC_NEW!GX50 -> P21Q
C93: TOB | G93: SCORE TOB | H93: 1.25 | I93: 0.25 | J93: 0.25 | K93: 0 | L93: 0.5 | M93: 0.5 | N93: 2 | O93: =VC_NEW!J87 -> 0 | P93: =VC_NEW!K87 -> 0 | Q93: =VC_NEW!L87 -> 0 | R93: 0.5 | S93: =VC_NEW!N87 -> 0 | T93: =VC_NEW!O87 -> 0 | U93: =VC_NEW!P87 -> 0 | V93: =VC_NEW!Q87 -> 0 | W93: =VC_NEW!R87 -> 0 | X93: =VC_NEW!S87 -> 0 | Y93: =VC_NEW!T87 -> 0 | Z93: 0 | AA93: =VC_NEW!V87 -> 0 | AB93: =VC_NEW!W87 -> 0 | AC93: 0.5 | AD93: =VC_NEW!Y87 -> 0 | AE93: 0.25 | AF93: =VC_NEW!AA87 -> 0 | AG93: =VC_NEW!AB87 -> 0 | AH93: =VC_NEW!AC87 -> 0 | AI93: =VC_NEW!AD87 -> 0 | AJ93: =VC_NEW!AE87 -> 0 | AK93: =VC_NEW!AF87 -> 0 | AL93: 0.5 | AM93: =VC_NEW!AH87 -> 0 | AN93: =VC_NEW!AI87 -> 0 | AO93: 0.25 | AP93: 0.25 | AQ93: 0.5 | AR93: =VC_NEW!AM87 -> 0 | AS93: =VC_NEW!AN87 -> 0 | AT93: 0 | AU93: =VC_NEW!AP87 -> 0 | AV93: =VC_NEW!AQ87 -> 0 | AW93: =VC_NEW!AR87 -> 0 | AX93: =VC_NEW!AS87 -> 0 | AY93: =VC_NEW!AT87 -> 0 | AZ93: =VC_NEW!AU87 -> 0 | BA93: 1.75 | BB93: =VC_NEW!AW87 -> 0 | BC93: 1.75 | BD93: =VC_NEW!AY87 -> 0 | BE93: 0.5 | BF93: 0.25 | BG93: 0.25 | BH93: =VC_NEW!BC87 -> 0 | BI93: 1.75 | BJ93: 1.25 | BK93: =VC_NEW!BF87 -> 0 | BL93: =VC_NEW!BG87 -> 0 | BM93: 0.25 | BN93: -0.5 | BO93: =VC_NEW!BJ87 -> 0 | BP93: 0 | BQ93: 0.25 | BR93: 1 | BS93: 1.75 | BT93: 1 | BU93: 0 | BV93: 0.25 | BW93: 0.25 | BX93: 0.25 | BY93: =VC_NEW!BT87 -> 0 | BZ93: 0.25 | CA93: =VC_NEW!BV87 -> 0 | CB93: =VC_NEW!BW87 -> 0 | CC93: 0.25 | CD93: 1.75 | CE93: =VC_NEW!BZ87 -> 0 | CF93: =VC_NEW!CA87 -> 0 | CG93: 0.25 | CH93: =VC_NEW!CC87 -> 0 | CI93: 0.25 | CJ93: 1.75 | CK93: 1.25 | CL93: =VC_NEW!CG87 -> 0 | CM93: 0.25 | CN93: =VC_NEW!CI87 -> 0 | CO93: =VC_NEW!CJ87 -> 0 | CP93: 1.75 | CQ93: 1.75 | CR93: 0.25 | CS93: =VC_NEW!CN87 -> 0 | CT93: =VC_NEW!CO87 -> 0 | CU93: =VC_NEW!CP87 -> 0 | CV93: =VC_NEW!CQ87 -> 0 | CW93: 0 | CX93: =VC_NEW!CS87 -> 0 | CY93: =VC_NEW!CT87 -> 0 | CZ93: 1.75 | DA93: =VC_NEW!CV87 -> 0 | DB93: 1.25 | DC93: =VC_NEW!CX87 -> 0 | DD93: 0.25 | DE93: =VC_NEW!CZ87 -> 0 | DF93: =VC_NEW!DA87 -> 0 | DG93: =VC_NEW!DB87 -> 0 | DH93: 0.25 | DI93: -0.5 | DJ93: 0.25 | DK93: 1.25 | DL93: 0.25 | DM93: 0.5 | DN93: -0.5 | DO93: 0 | DP93: =VC_NEW!DK87 -> 0 | DQ93: 0.25 | DR93: -0.25 | DS93: =VC_NEW!DN87 -> 0 | DT93: =VC_NEW!DO87 -> 0 | DU93: 1.25 | DV93: 0.25 | DW93: 1.75 | DX93: 0.25 | DY93: 0.5 | DZ93: =VC_NEW!DU87 -> 0 | EA93: 1.75 | EB93: =VC_NEW!DW87 -> 0 | EC93: =VC_NEW!DX87 -> 0 | ED93: 1 | EE93: 1.75 | EF93: -0.5 | EG93: 0.25 | EH93: 0.5 | EI93: 0.5 | EJ93: =VC_NEW!EE87 -> 0 | EK93: 0.25 | EL93: =VC_NEW!EG87 -> 0 | EM93: =VC_NEW!EH87 -> 0 | EN93: =VC_NEW!EI87 -> 0 | EO93: =VC_NEW!EJ87 -> 0 | EP93: =VC_NEW!EK87 -> 0 | EQ93: -0.5 | ER93: 0.25 | ES93: 0.25 | ET93: 0.5 | EU93: =VC_NEW!EP87 -> 0 | EV93: 0.5 | EW93: no evaluable | EX93: =VC_NEW!ES87 -> 0 | EY93: =VC_NEW!ET87 -> 0 | EZ93: 0.5 | FA93: 0.75 | FB93: =VC_NEW!EW87 -> 0 | FC93: =VC_NEW!EX87 -> 0 | FD93: 0.25 | FE93: 1.75 | FF93: =VC_NEW!FA87 -> 0 | FG93: 0.5 | FH93: =VC_NEW!FC87 -> 0 | FI93: 1.5 | FJ93: -0.5 | FK93: =VC_NEW!FF87 -> 0 | FL93: 1.25 | FM93: =VC_NEW!FH87 -> 0 | FN93: =VC_NEW!FI87 -> 0 | FO93: 0.25 | FP93: =VC_NEW!FK87 -> 0 | FQ93: 1.75 | FR93: =VC_NEW!FM87 -> 0 | FS93: 0.75 | FT93: =VC_NEW!FO87 -> 0 | FU93: 1.25 | FV93: 0.25 | FW93: 0.5 | FX93: 0.25 | FY93: =VC_NEW!FT87 -> 0 | FZ93: =VC_NEW!FU87 -> 0 | GA93: 1.75 | GB93: =VC_NEW!FW87 -> 0 | GC93: 0.25 | GD93: -0.25 | GE93: 0.5 | GF93: =VC_NEW!GA87 -> 0 | GG93: =VC_NEW!GB87 -> 0 | GH93: 0.25 | GI93: =VC_NEW!GD87 -> 0 | GJ93: 0.5 | GK93: 0.25 | GL93: 0.25 | GM93: 1.75 | GN93: 0.75 | GO93: =VC_NEW!GJ87 -> 0 | GP93: 0 | GQ93: =VC_NEW!GL87 -> 0 | GR93: =VC_NEW!GM87 -> 0 | GS93: =VC_NEW!GN87 -> 0 | GT93: =VC_NEW!GO87 -> 0 | GU93: 0.5 | GV93: =VC_NEW!GQ87 -> 0 | GW93: =VC_NEW!GR87 -> 0 | GX93: 1.25 | GY93: 1.5 | GZ93: =VC_NEW!GU87 -> 0 | HA93: =VC_NEW!GV87 -> 0 | HB93: 1.75 | HC93: 0.25
C94: CAZ | G94: SCORE CAZ | H94: 0.5 | I94: 0.25 | J94: 0.25 | K94: 0 | L94: 0.5 | M94: 0.75 | N94: 0.5 | O94: 0 | P94: 0.25 | Q94: =VC_NEW!L88 -> 0 | R94: 0.25 | S94: =VC_NEW!N88 -> 0 | T94: =VC_NEW!O88 -> 0 | U94: 0 | V94: 1 | W94: =VC_NEW!R88 -> 0 | X94: =VC_NEW!S88 -> 0 | Y94: =VC_NEW!T88 -> 0 | Z94: =VC_NEW!U88 -> 0 | AA94: =VC_NEW!V88 -> 0 | AB94: 0.25 | AC94: 0.25 | AD94: =VC_NEW!Y88 -> 0 | AE94: =VC_NEW!Z88 -> 0 | AF94: =VC_NEW!AA88 -> 0 | AG94: =VC_NEW!AB88 -> 0 | AH94: 0.375 | AI94: =VC_NEW!AD88 -> 0 | AJ94: =VC_NEW!AE88 -> 0 | AK94: 0.25 | AL94: =VC_NEW!AG88 -> 0 | AM94: 0 | AN94: =VC_NEW!AI88 -> 0 | AO94: 1.5 | AP94: =VC_NEW!AK88 -> 0 | AQ94: =VC_NEW!AL88 -> 0 | AR94: =VC_NEW!AM88 -> 0 | AS94: =VC_NEW!AN88 -> 0 | AT94: 0.25 | AU94: 1.25 | AV94: =VC_NEW!AQ88 -> 0 | AW94: =VC_NEW!AR88 -> 0 | AX94: =VC_NEW!AS88 -> 0 | AY94: =VC_NEW!AT88 -> 0 | AZ94: 0.25 | BA94: 1 | BB94: 0.5 | BC94: 1 | BD94: =VC_NEW!AY88 -> 0 | BE94: =VC_NEW!AZ88 -> 0 | BF94: =VC_NEW!BA88 -> 0 | BG94: 0.625 | BH94: =VC_NEW!BC88 -> 0 | BI94: 1.5 | BJ94: 2.5 | BK94: =VC_NEW!BF88 -> 0 | BL94: =VC_NEW!BG88 -> 0 | BM94: =VC_NEW!BH88 -> 0 | BN94: 1.75 | BO94: -0.5 | BP94: 0.25 | BQ94: -0.5 | BR94: 0.25 | BS94: 0.5 | BT94: 1 | BU94: 0 | BV94: 0.5 | BW94: 0.5 | BX94: 0.5 | BY94: =VC_NEW!BT88 -> 0 | BZ94: =VC_NEW!BU88 -> 0 | CA94: 1 | CB94: =VC_NEW!BW88 -> 0 | CC94: =VC_NEW!BX88 -> 0 | CD94: 1 | CE94: =VC_NEW!BZ88 -> 0 | CF94: 1 | CG94: =VC_NEW!CB88 -> 0 | CH94: =VC_NEW!CC88 -> 0 | CI94: =VC_NEW!CD88 -> 0 | CJ94: 1 | CK94: 1 | CL94: =VC_NEW!CG88 -> 0 | CM94: 2 | CN94: =VC_NEW!CI88 -> 0 | CO94: 0.5 | CP94: 1 | CQ94: 1.5 | CR94: =VC_NEW!CM88 -> 0 | CS94: 0.5 | CT94: 0.5 | CU94: 0.25 | CV94: =VC_NEW!CQ88 -> 0 | CW94: 0.5 | CX94: 0.25 | CY94: =VC_NEW!CT88 -> 0 | CZ94: 1 | DA94: =VC_NEW!CV88 -> 0 | DB94: =VC_NEW!CW88 -> 0 | DC94: =VC_NEW!CX88 -> 0 | DD94: 0.5 | DE94: =VC_NEW!CZ88 -> 0 | DF94: 0.25 | DG94: =VC_NEW!DB88 -> 0 | DH94: 0.25 | DI94: 0.75 | DJ94: 1.5 | DK94: 3 | DL94: 0.25 | DM94: =VC_NEW!DH88 -> 0 | DN94: =VC_NEW!DI88 -> 0 | DO94: 0.5 | DP94: 0.25 | DQ94: =VC_NEW!DL88 -> 0 | DR94: 0.75 | DS94: 0.25 | DT94: =VC_NEW!DO88 -> 0 | DU94: 0.25 | DV94: =VC_NEW!DQ88 -> 0 | DW94: 0.75 | DX94: =VC_NEW!DS88 -> 0 | DY94: =VC_NEW!DT88 -> 0 | DZ94: =VC_NEW!DU88 -> 0 | EA94: 1.5 | EB94: 0.5 | EC94: 0.75 | ED94: -0.5 | EE94: 2.5 | EF94: 0.25 | EG94: -0.125 | EH94: 1.5 | EI94: 0.25 | EJ94: 0.5 | EK94: 0.75 | EL94: 1.5 | EM94: =VC_NEW!EH88 -> 0 | EN94: 0.5 | EO94: =VC_NEW!EJ88 -> 0 | EP94: =VC_NEW!EK88 -> 0 | EQ94: 0.5 | ER94: =VC_NEW!EM88 -> 0 | ES94: 0.5 | ET94: -0.25 | EU94: 1 | EV94: =VC_NEW!EQ88 -> 0 | EW94: 2.625 | EX94: =VC_NEW!ES88 -> 0 | EY94: =VC_NEW!ET88 -> 0 | EZ94: =VC_NEW!EU88 -> 0 | FA94: 0.5 | FB94: =VC_NEW!EW88 -> 0 | FC94: 0.75 | FD94: =VC_NEW!EY88 -> 0 | FE94: 0.625 | FF94: 0.25 | FG94: =VC_NEW!FB88 -> 0 | FH94: =VC_NEW!FC88 -> 0 | FI94: 1.75 | FJ94: 0.5 | FK94: 0.5 | FL94: 0.75 | FM94: =VC_NEW!FH88 -> 0 | FN94: =VC_NEW!FI88 -> 0 | FO94: =VC_NEW!FJ88 -> 0 | FP94: =VC_NEW!FK88 -> 0 | FQ94: 0.25 | FR94: 0.5 | FS94: =VC_NEW!FN88 -> 0 | FT94: =VC_NEW!FO88 -> 0 | FU94: =VC_NEW!FP88 -> 0 | FV94: =VC_NEW!FQ88 -> 0 | FW94: 0.25 | FX94: 0.25 | FY94: 0.25 | FZ94: =VC_NEW!FU88 -> 0 | GA94: 2 | GB94: 1.25 | GC94: =VC_NEW!FX88 -> 0 | GD94: =VC_NEW!FY88 -> 0 | GE94: =VC_NEW!FZ88 -> 0 | GF94: 0.25 | GG94: =VC_NEW!GB88 -> 0 | GH94: =VC_NEW!GC88 -> 0 | GI94: 0.25 | GJ94: =VC_NEW!GE88 -> 0 | GK94: =VC_NEW!GF88 -> 0 | GL94: =VC_NEW!GG88 -> 0 | GM94: =VC_NEW!GH88 -> 0 | GN94: 0.5 | GO94: 0.75 | GP94: =VC_NEW!GK88 -> 0 | GQ94: =VC_NEW!GL88 -> 0 | GR94: 0.25 | GS94: 0.5 | GT94: 0.75 | GU94: =VC_NEW!GP88 -> 0 | GV94: 0.25 | GW94: =VC_NEW!GR88 -> 0 | GX94: 0.75 | GY94: 1 | GZ94: =VC_NEW!GU88 -> 0 | HA94: =VC_NEW!GV88 -> 0 | HB94: 1.5 | HC94: 0.125
C95: MER | G95: SCORE MER | H95: 0.875 | I95: 0.5 | J95: 0.375 | K95: =VC_NEW!F89 -> 0 | L95: 1.125 | M95: 0.125 | N95: 1.625 | O95: =VC_NEW!J89 -> 0 | P95: 0.125 | Q95: =VC_NEW!L89 -> 0 | R95: 0.5 | S95: =VC_NEW!N89 -> 0 | T95: =VC_NEW!O89 -> 0 | U95: 0 | V95: 0.875 | W95: =VC_NEW!R89 -> 0 | X95: =VC_NEW!S89 -> 0 | Y95: =VC_NEW!T89 -> 0 | Z95: 0 | AA95: 0.25 | AB95: 0.25 | AC95: 0.75 | AD95: 0 | AE95: 0.75 | AF95: 0 | AG95: 0 | AH95: 0.375 | AI95: =VC_NEW!AD89 -> 0 | AJ95: =VC_NEW!AE89 -> 0 | AK95: 0.5 | AL95: 1 | AM95: 0.5 | AN95: =VC_NEW!AI89 -> 0 | AO95: 1 | AP95: 0 | AQ95: 0.5 | AR95: 0 | AS95: 0.5 | AT95: 0.625 | AU95: 0.375 | AV95: 0.25 | AW95: 0.25 | AX95: 0 | AY95: 0 | AZ95: 0.125 | BA95: 1.25 | BB95: 1 | BC95: 1.25 | BD95: 0 | BE95: 0.75 | BF95: 0 | BG95: 0.625 | BH95: =VC_NEW!BC89 -> 0 | BI95: 0.75 | BJ95: 1.25 | BK95: 0 | BL95: 0 | BM95: 0 | BN95: 1 | BO95: 0 | BP95: 0.25 | BQ95: 0.75 | BR95: 0.5 | BS95: 1.125 | BT95: 1.625 | BU95: 0 | BV95: 0.125 | BW95: 1 | BX95: 0.375 | BY95: 0 | BZ95: 0 | CA95: 0.625 | CB95: 0 | CC95: 0.25 | CD95: 1.25 | CE95: 0 | CF95: 1.25 | CG95: 0.25 | CH95: 0 | CI95: 0.25 | CJ95: 1.25 | CK95: 1.25 | CL95: 0.25 | CM95: 3 | CN95: 0 | CO95: 0.375 | CP95: 1.25 | CQ95: 1.375 | CR95: 0.25 | CS95: 0.625 | CT95: 0.125 | CU95: 0.375 | CV95: 0 | CW95: 0.5 | CX95: 0.25 | CY95: 0 | CZ95: 1.5 | DA95: 0.25 | DB95: 0.25 | DC95: 0 | DD95: 0.125 | DE95: 0 | DF95: 0.25 | DG95: 0 | DH95: 0.125 | DI95: 0.75 | DJ95: 1.25 | DK95: 2.625 | DL95: 0.375 | DM95: 0.5 | DN95: 0 | DO95: 0.125 | DP95: 0.5 | DQ95: 0.25 | DR95: -0.25 | DS95: 0.125 | DT95: 0 | DU95: 0.125 | DV95: 0.5 | DW95: 1.125 | DX95: 0.5 | DY95: 0.25 | DZ95: 0.25 | EA95: 2.5 | EB95: 0.75 | EC95: 0.75 | ED95: 0.25 | EE95: 3.125 | EF95: 0.5 | EG95: 0.5 | EH95: 2 | EI95: 0.5 | EJ95: 1.25 | EK95: 1.125 | EL95: 0.75 | EM95: 0 | EN95: 0.25 | EO95: 0 | EP95: 0 | EQ95: 0.25 | ER95: 0.25 | ES95: 1.25 | ET95: 0.125 | EU95: 1.25 | EV95: =VC_NEW!EQ89 -> 0 | EW95: no evaluable | EX95: 0 | EY95: 0.25 | EZ95: 0.5 | FA95: 1.5 | FB95: 0.25 | FC95: 0.75 | FD95: 0 | FE95: 1.375 | FF95: 0.125 | FG95: 0 | FH95: 0.25 | FI95: 1.625 | FJ95: 0.5 | FK95: 0.625 | FL95: 0.5 | FM95: 0 | FN95: 0.25 | FO95: 0.25 | FP95: 0.5 | FQ95: 0.625 | FR95: 0.5 | FS95: 0.5 | FT95: 0 | FU95: 0.25 | FV95: 0 | FW95: 0.5 | FX95: 0.5 | FY95: 0 | FZ95: 0 | GA95: 3 | GB95: 1 | GC95: 0.25 | GD95: -0.5 | GE95: 0.25 | GF95: 0.25 | GG95: 0 | GH95: 0.25 | GI95: 0.25 | GJ95: 0.25 | GK95: 0.25 | GL95: 0.5 | GM95: 0.5 | GN95: 1.125 | GO95: 0.375 | GP95: 0 | GQ95: 0.25 | GR95: 0.25 | GS95: 0.375 | GT95: 0.375 | GU95: 0.25 | GV95: 0.75 | GW95: =VC_NEW!GR89 -> 0 | GX95: 1.125 | GY95: 1.25 | GZ95: 0 | HA95: 0.25 | HB95: 1.75 | HC95: 0.5
C96: CIP | G96: SCORE CIP | H96: 1.125 | I96: 0.375 | J96: 0.125 | K96: 0 | L96: 1.75 | M96: =VC_NEW!H90 -> 0 | N96: 3 | O96: =VC_NEW!J90 -> 0 | P96: =VC_NEW!K90 -> 0 | Q96: =VC_NEW!L90 -> 0 | R96: 0.375 | S96: =VC_NEW!N90 -> 0 | T96: =VC_NEW!O90 -> 0 | U96: =VC_NEW!P90 -> 0 | V96: 2 | W96: =VC_NEW!R90 -> 0 | X96: =VC_NEW!S90 -> 0 | Y96: =VC_NEW!T90 -> 0 | Z96: 0 | AA96: =VC_NEW!V90 -> 0 | AB96: 0.25 | AC96: 1.625 | AD96: =VC_NEW!Y90 -> 0 | AE96: 0.125 | AF96: =VC_NEW!AA90 -> 0 | AG96: =VC_NEW!AB90 -> 0 | AH96: 0.5 | AI96: =VC_NEW!AD90 -> 0 | AJ96: 0.5 | AK96: 1.25 | AL96: 0.25 | AM96: =VC_NEW!AH90 -> 0 | AN96: =VC_NEW!AI90 -> 0 | AO96: 0.625 | AP96: =VC_NEW!AK90 -> 0 | AQ96: 0.25 | AR96: =VC_NEW!AM90 -> 0 | AS96: =VC_NEW!AN90 -> 0 | AT96: 0 | AU96: 1 | AV96: =VC_NEW!AQ90 -> 0 | AW96: 0.5 | AX96: =VC_NEW!AS90 -> 0 | AY96: =VC_NEW!AT90 -> 0 | AZ96: =VC_NEW!AU90 -> 0 | BA96: 1.75 | BB96: 0.25 | BC96: 1.75 | BD96: =VC_NEW!AY90 -> 0 | BE96: 0.75 | BF96: =VC_NEW!BA90 -> 0 | BG96: 1.125 | BH96: =VC_NEW!BC90 -> 0 | BI96: 1.75 | BJ96: 1.625 | BK96: 1 | BL96: =VC_NEW!BG90 -> 0 | BM96: =VC_NEW!BH90 -> 0 | BN96: 1 | BO96: -0.5 | BP96: 0.125 | BQ96: 0.625 | BR96: 1.5 | BS96: 1.75 | BT96: 1.625 | BU96: 0 | BV96: =VC_NEW!BQ90 -> 0 | BW96: 2.125 | BX96: 0.125 | BY96: =VC_NEW!BT90 -> 0 | BZ96: =VC_NEW!BU90 -> 0 | CA96: 0.5 | CB96: =VC_NEW!BW90 -> 0 | CC96: 0.5 | CD96: 1.75 | CE96: =VC_NEW!BZ90 -> 0 | CF96: 1.75 | CG96: 0.5 | CH96: =VC_NEW!CC90 -> 0 | CI96: 0.5 | CJ96: 1.75 | CK96: 1.25 | CL96: =VC_NEW!CG90 -> 0 | CM96: 1.75 | CN96: =VC_NEW!CI90 -> 0 | CO96: 0.5 | CP96: 1.75 | CQ96: 1.75 | CR96: 0.125 | CS96: 1.25 | CT96: =VC_NEW!CO90 -> 0 | CU96: 0.5 | CV96: 1 | CW96: 2 | CX96: 0.25 | CY96: =VC_NEW!CT90 -> 0 | CZ96: 2.25 | DA96: 0.5 | DB96: 0.125 | DC96: =VC_NEW!CX90 -> 0 | DD96: =VC_NEW!CY90 -> 0 | DE96: =VC_NEW!CZ90 -> 0 | DF96: 0.25 | DG96: =VC_NEW!DB90 -> 0 | DH96: =VC_NEW!DC90 -> 0 | DI96: 0.25 | DJ96: 2 | DK96: 1.5 | DL96: 1.625 | DM96: 0.25 | DN96: 0 | DO96: 1 | DP96: 1.75 | DQ96: 0.125 | DR96: 0.5 | DS96: =VC_NEW!DN90 -> 0 | DT96: =VC_NEW!DO90 -> 0 | DU96: 2 | DV96: 2 | DW96: 2.75 | DX96: 0.125 | DY96: 1.125 | DZ96: 0.5 | EA96: 1.25 | EB96: 0.5 | EC96: 0.625 | ED96: 0.875 | EE96: 1.75 | EF96: =VC_NEW!EA90 -> 0 | EG96: 0.75 | EH96: 2.75 | EI96: 0.625 | EJ96: 2 | EK96: 3 | EL96: 1.5 | EM96: =VC_NEW!EH90 -> 0 | EN96: 1 | EO96: =VC_NEW!EJ90 -> 0 | EP96: =VC_NEW!EK90 -> 0 | EQ96: 2.25 | ER96: 0.125 | ES96: 0.75 | ET96: =VC_NEW!EO90 -> 0 | EU96: 2.5 | EV96: 1 | EW96: no evaluable | EX96: =VC_NEW!ES90 -> 0 | EY96: =VC_NEW!ET90 -> 0 | EZ96: 0.25 | FA96: 2.25 | FB96: 1.5 | FC96: 2.25 | FD96: =VC_NEW!EY90 -> 0 | FE96: 2.875 | FF96: =VC_NEW!FA90 -> 0 | FG96: =VC_NEW!FB90 -> 0 | FH96: 0.5 | FI96: 2.125 | FJ96: =VC_NEW!FE90 -> 0 | FK96: =VC_NEW!FF90 -> 0 | FL96: 1.625 | FM96: =VC_NEW!FH90 -> 0 | FN96: =VC_NEW!FI90 -> 0 | FO96: =VC_NEW!FJ90 -> 0 | FP96: 1 | FQ96: 1.75 | FR96: 1 | FS96: 0.25 | FT96: 0.5 | FU96: 1.125 | FV96: =VC_NEW!FQ90 -> 0 | FW96: 2 | FX96: 0.125 | FY96: =VC_NEW!FT90 -> 0 | FZ96: =VC_NEW!FU90 -> 0 | GA96: 1.75 | GB96: 3.5 | GC96: 1.125 | GD96: -0.25 | GE96: 0.125 | GF96: 0.25 | GG96: =VC_NEW!GB90 -> 0 | GH96: 0.125 | GI96: 0.25 | GJ96: 0.125 | GK96: 0.125 | GL96: 1.125 | GM96: 1.75 | GN96: 0.875 | GO96: 0.25 | GP96: 0 | GQ96: =VC_NEW!GL90 -> 0 | GR96: =VC_NEW!GM90 -> 0 | GS96: =VC_NEW!GN90 -> 0 | GT96: 0.25 | GU96: 0.125 | GV96: 0.25 | GW96: =VC_NEW!GR90 -> 0 | GX96: 0.125 | GY96: 1.25 | GZ96: =VC_NEW!GU90 -> 0 | HA96: 1.5 | HB96: 2.25 | HC96: 0.625
C97: C/T | G97: SCORE C/T | H97: 0.125 | I97: 0.125 | J97: 0.125 | K97: =VC_NEW!F91 -> 0 | L97: 0.125 | M97: 0.5 | N97: 0.125 | O97: =VC_NEW!J91 -> 0 | P97: 0.125 | Q97: =VC_NEW!L91 -> 0 | R97: 0.125 | S97: =VC_NEW!N91 -> 0 | T97: =VC_NEW!O91 -> 0 | U97: 0 | V97: 0.375 | W97: =VC_NEW!R91 -> 0 | X97: =VC_NEW!S91 -> 0 | Y97: =VC_NEW!T91 -> 0 | Z97: =VC_NEW!U91 -> 0 | AA97: =VC_NEW!V91 -> 0 | AB97: 0.125 | AC97: 0.25 | AD97: =VC_NEW!Y91 -> 0 | AE97: =VC_NEW!Z91 -> 0 | AF97: =VC_NEW!AA91 -> 0 | AG97: =VC_NEW!AB91 -> 0 | AH97: 0.125 | AI97: =VC_NEW!AD91 -> 0 | AJ97: =VC_NEW!AE91 -> 0 | AK97: 0.125 | AL97: =VC_NEW!AG91 -> 0 | AM97: =VC_NEW!AH91 -> 0 | AN97: =VC_NEW!AI91 -> 0 | AO97: 0.875 | AP97: =VC_NEW!AK91 -> 0 | AQ97: =VC_NEW!AL91 -> 0 | AR97: =VC_NEW!AM91 -> 0 | AS97: =VC_NEW!AN91 -> 0 | AT97: 0.125 | AU97: 0.375 | AV97: =VC_NEW!AQ91 -> 0 | AW97: =VC_NEW!AR91 -> 0 | AX97: =VC_NEW!AS91 -> 0 | AY97: =VC_NEW!AT91 -> 0 | AZ97: 0.125 | BA97: 0.25 | BB97: 0.375 | BC97: 0.25 | BD97: =VC_NEW!AY91 -> 0 | BE97: =VC_NEW!AZ91 -> 0 | BF97: =VC_NEW!BA91 -> 0 | BG97: 0.125 | BH97: =VC_NEW!BC91 -> 0 | BI97: 1 | BJ97: 2.25 | BK97: =VC_NEW!BF91 -> 0 | BL97: =VC_NEW!BG91 -> 0 | BM97: =VC_NEW!BH91 -> 0 | BN97: 1.25 | BO97: -0.25 | BP97: 0.25 | BQ97: -0.25 | BR97: 0.25 | BS97: 0.125 | BT97: 0.5 | BU97: =VC_NEW!BP91 -> 0 | BV97: 0.125 | BW97: 0.25 | BX97: 0.125 | BY97: =VC_NEW!BT91 -> 0 | BZ97: =VC_NEW!BU91 -> 0 | CA97: 0.375 | CB97: =VC_NEW!BW91 -> 0 | CC97: =VC_NEW!BX91 -> 0 | CD97: 0.25 | CE97: =VC_NEW!BZ91 -> 0 | CF97: 0.375 | CG97: =VC_NEW!CB91 -> 0 | CH97: =VC_NEW!CC91 -> 0 | CI97: =VC_NEW!CD91 -> 0 | CJ97: 0.25 | CK97: 0.5 | CL97: =VC_NEW!CG91 -> 0 | CM97: 2 | CN97: =VC_NEW!CI91 -> 0 | CO97: 0.125 | CP97: 0.25 | CQ97: 0.375 | CR97: =VC_NEW!CM91 -> 0 | CS97: 0.25 | CT97: 0.125 | CU97: 0.125 | CV97: =VC_NEW!CQ91 -> 0 | CW97: 0.25 | CX97: 0.125 | CY97: =VC_NEW!CT91 -> 0 | CZ97: 0.75 | DA97: =VC_NEW!CV91 -> 0 | DB97: =VC_NEW!CW91 -> 0 | DC97: =VC_NEW!CX91 -> 0 | DD97: 0.125 | DE97: =VC_NEW!CZ91 -> 0 | DF97: 0.125 | DG97: =VC_NEW!DB91 -> 0 | DH97: 0.125 | DI97: 0.625 | DJ97: 0.5 | DK97: 2.375 | DL97: 0.125 | DM97: 0 | DN97: 0.5 | DO97: 0.125 | DP97: 0.125 | DQ97: =VC_NEW!DL91 -> 0 | DR97: 0.375 | DS97: 0.125 | DT97: =VC_NEW!DO91 -> 0 | DU97: -0.125 | DV97: =VC_NEW!DQ91 -> 0 | DW97: 0.125 | DX97: =VC_NEW!DS91 -> 0 | DY97: =VC_NEW!DT91 -> 0 | DZ97: =VC_NEW!DU91 -> 0 | EA97: 1.75 | EB97: 0.25 | EC97: 0.5 | ED97: -0.25 | EE97: 2.125 | EF97: 0.5 | EG97: =VC_NEW!EB91 -> 0 | EH97: 0.5 | EI97: =VC_NEW!ED91 -> 0 | EJ97: 0.25 | EK97: 0.375 | EL97: 0.875 | EM97: =VC_NEW!EH91 -> 0 | EN97: 0.25 | EO97: =VC_NEW!EJ91 -> 0 | EP97: =VC_NEW!EK91 -> 0 | EQ97: 0.25 | ER97: =VC_NEW!EM91 -> 0 | ES97: 0.5 | ET97: -0.125 | EU97: 0.5 | EV97: =VC_NEW!EQ91 -> 0 | EW97: 1.5 | EX97: =VC_NEW!ES91 -> 0 | EY97: =VC_NEW!ET91 -> 0 | EZ97: =VC_NEW!EU91 -> 0 | FA97: 0.25 | FB97: =VC_NEW!EW91 -> 0 | FC97: 0.375 | FD97: =VC_NEW!EY91 -> 0 | FE97: 0.125 | FF97: 0.125 | FG97: =VC_NEW!FB91 -> 0 | FH97: =VC_NEW!FC91 -> 0 | FI97: 0.625 | FJ97: 0.5 | FK97: 0.125 | FL97: 0.25 | FM97: =VC_NEW!FH91 -> 0 | FN97: =VC_NEW!FI91 -> 0 | FO97: =VC_NEW!FJ91 -> 0 | FP97: =VC_NEW!FK91 -> 0 | FQ97: 0.125 | FR97: 0.25 | FS97: =VC_NEW!FN91 -> 0 | FT97: =VC_NEW!FO91 -> 0 | FU97: =VC_NEW!FP91 -> 0 | FV97: =VC_NEW!FQ91 -> 0 | FW97: 0.25 | FX97: 0.25 | FY97: =VC_NEW!FT91 -> 0 | FZ97: =VC_NEW!FU91 -> 0 | GA97: 2 | GB97: 0.75 | GC97: =VC_NEW!FX91 -> 0 | GD97: =VC_NEW!FY91 -> 0 | GE97: =VC_NEW!FZ91 -> 0 | GF97: 0.125 | GG97: =VC_NEW!GB91 -> 0 | GH97: =VC_NEW!GC91 -> 0 | GI97: 0.125 | GJ97: =VC_NEW!GE91 -> 0 | GK97: =VC_NEW!GF91 -> 0 | GL97: =VC_NEW!GG91 -> 0 | GM97: =VC_NEW!GH91 -> 0 | GN97: 0.125 | GO97: 0.25 | GP97: =VC_NEW!GK91 -> 0 | GQ97: =VC_NEW!GL91 -> 0 | GR97: 0.25 | GS97: 0.125 | GT97: 0.25 | GU97: =VC_NEW!GP91 -> 0 | GV97: 0.125 | GW97: =VC_NEW!GR91 -> 0 | GX97: 0.375 | GY97: 0.25 | GZ97: =VC_NEW!GU91 -> 0 | HA97: =VC_NEW!GV91 -> 0 | HB97: 0.5 | HC97: =VC_NEW!GX91 -> 0

Sheet VC_NEW
A1: LOCUS | B1: GENE | C1: AND01-001 | D1: AND01-004 | E1: AND01-005 | F1: AND01-006 | G1: AND02-001 | H1: AND02-002 | I1: AND02-003 | J1: AND02-006 | K1: AND03-001 | L1: AND03-003 | M1: AND03-009 | N1: AND03-012 | O1: AND04-001 | P1: AND04-002 | Q1: AND04-003 | R1: AND04-004A | S1: AND05-004 | T1: AND05-005 | U1: AND05-008 | V1: AND05-009 | W1: AND06-001 | X1: AND06-002 | Y1: AND06-003 | Z1: AND06-006 | AA1: AND07-001 | AB1: AND07-002 | AC1: AND07-003 | AD1: AND07-005 | AE1: ARA01-001 | AF1: ARA01-002 | AG1: ARA01-003 | AH1: ARA01-006 | AI1: ARA02-001 | AJ1: ARA02-002 | AK1: ARA02-005 | AL1: ARA02-007 | AM1: ARA03-001 | AN1: ARA03-002 | AO1: ARA03-003 | AP1: ARA03-004 | AQ1: AST01-001 | AR1: AST01-003 | AS1: AST01-005 | AT1: AST01-006 | AU1: BAL01-001 | AV1: BAL01-003 | AW1: BAL01-004 | AX1: BAL01-006 | AY1: BAL02-001 | AZ1: BAL02-005 | BA1: BAL02-006 | BB1: BAL02-009 | BC1: BAL03-001 | BD1: BAL03-002 | BE1: BAL03-003 | BF1: BAL03-006 | BG1: BAL04-001 | BH1: BAL04-002 | BI1: BAL04-003 | BJ1: BAL04-004 | BK1: CAN01-001 | BL1: CAN01-002 | BM1: CAN01-003 | BN1: CAN01-004 | BO1: CAT01-001 | BP1: CAT01-004 | BQ1: CAT01-005 | BR1: CAT01-007 | BS1: CAT02-001 | BT1: CAT02-002 | BU1: CAT02-003 | BV1: CAT02-004 | BW1: CAT03-001 | BX1: CAT03-002 | BY1: CAT03-004 | BZ1: CAT03-005 | CA1: CAT04-001 | CB1: CAT04-002 | CC1: CAT04-003 | CD1: CAT04-004 | CE1: CAT05-001 | CF1: CAT05-002 | CG1: CAT05-003 | CH1: CAT05-004 | CI1: CAT06-001 | CJ1: CAT06-004 | CK1: CAT06-005 | CL1: CAT06-008 | CM1: CAT07-001 | CN1: CAT07-002 | CO1: CAT07-003 | CP1: CAT07-005 | CQ1: CAT08-013 | CR1: CAT08-014 | CS1: CAT08-015 | CT1: CAT08-016 | CU1: CAT09-001 | CV1: CAT09-002 | CW1: CAT09-003 | CX1: CAT09-004 | CY1: CLE01-003 | CZ1: CLE01-006 | DA1: CLE01-007 | DB1: CLE01-008 | DC1: CLE02-001 | DD1: CLE02-002 | DE1: CLE02-004 | DF1: CLE02-006 | DG1: CLE03-003 | DH1: CLE03-004 | DI1: CLE03-005 | DJ1: CLE03-006 | DK1: CLM01-001 | DL1: CLM01-002 | DM1: CLM01-003 | DN1: CLM01-004 | DO1: CLM02-004 | DP1: CLM02-005 | DQ1: CLM02-013 | DR1: CLM02-014 | DS1: CVA01-001 | DT1: CVA01-002 | DU1: CVA01-005 | DV1: CVA01-006 | DW1: CVA02-001 | DX1: CVA02-002 | DY1: CVA02-003 | DZ1: CVA02-005 | EA1: CVA03-001 | EB1: CVA03-002 | EC1: CVA03-004 | ED1: CVA03-006 | EE1: EXT01-001 | EF1: EXT01-003 | EG1: EXT01-004 | EH1: EXT01-005 | EI1: GAL01-001 | EJ1: GAL01-002 | EK1: GAL01-003 | EL1: GAL01-012 | EM1: GAL02-001 | EN1: GAL02-002 | EO1: GAL02-004 | EP1: GAL02-006 | EQ1: GAL03-002 | ER1: GAL03-003 | ES1: GAL03-004 | ET1: GAL03-005 | EU1: GAL04-001 | EV1: GAL04-002 | EW1: GAL04-004 | EX1: GAL04-005 | EY1: GAL05-002 | EZ1: GAL05-003 | FA1: GAL05-004 | FB1: GAL05-005 | FC1: GAL06-001 | FD1: GAL06-002 | FE1: GAL06-003 | FF1: GAL06-004 | FG1: ICA01-001 | FH1: ICA01-002 | FI1: ICA01-003 | FJ1: ICA01-004 | FK1: LRJ01-002 | FL1: LRJ01-005 | FM1: LRJ01-010 | FN1: LRJ01-012 | FO1: MAD01-001 | FP1: MAD01-002 | FQ1: MAD01-004 | FR1: MAD01-005 | FS1: MAD02-001 | FT1: MAD02-002 | FU1: MAD02-004 | FV1: MAD02-005 | FW1: MAD03-001 | FX1: MAD03-002 | FY1: MAD03-004 | FZ1: MAD03-005 | GA1: MAD04-001 | GB1: MAD04-002 | GC1: MAD04-003 | GD1: MAD04-004 | GE1: MAD05-003 | GF1: MAD05-008 | GG1: MAD05-009 | GH1: MAD05-011 | GI1: MAD06-001 | GJ1: MAD06-002 | GK1: MAD06-004 | GL1: MAD06-005 | GM1: MUR01-001 | GN1: MUR01-002 | GO1: MUR01-003 | GP1: MUR01-004 | GQ1: NAV01-001 | GR1: NAV01-004 | GS1: NAV01-005 | GT1: NAV01-012 | GU1: PVA01-003 | GV1: PVA01-006 | GW1: PVA01-007 | GX1: PVA01-011
A2: PA0004 | B2: gyrB | I2: E468D | AF2: S466F | BE2: S466Y | CN2: E468D | DM2: S466Y | DP2: E468D | DR2: E468D | DY2: S466F | EG2: S466Y | EW2: S466F | EZ2: E468D | FP2: E468D | FW2: E468D | GG2: S466F
A3: PA0005 | B3: lptA | ER3: R66H
A4: PA0424 | B4: mexR | W4: S92N | X4: aa11∆4 | AF4: L102P | AJ4: nt402∆11 | AW4: L95F | BI4: nt81InsT | BV4: nt266InsG | CA4: R73L | CN4: L95F | CR4: nt161InsC | DA4: R82H | EF4: nt217∆1 | ER4: N79S | FM4: Q49X | FR4: aa90∆4 | GW4: nt492InsACCC
A5: PA0425 | B5: mexA | AS5: I63V | BH5: K86E | CI5: Q143P | CJ5: N269S | CS5: A33T | DF5: K86E | DL5: K76Q | DP5: Q104X | DY5: E53X | EA5: A111T | EB5: A117V | EM5: R326Q | EQ5: K86E | GP5: N269S
A6: PA0426 | B6: mexB | AH6: V1042A | BJ6: E422X | BL6: Q319X | CF6: nt1135∆1 | CL6: A735D | DV6: nt881InsGG | EB6: nt2936∆1 | EO6: nt3018∆5 | ER6: A707S; I963V | ET6: T98A | EW6: G860D | GL6: A539T | GS6: P190L
A7: PA0427 | B7: oprM | BI7: nt1451InsC | CK7: T198P | CQ7: T180I | DM7: nt501∆5 | ER7: Q265E
A8: PA0807 | B8: ampDh3 | BB8: P55S | DP8: nt410∆1 | DR8: nt410∆1 | ED8: Y207X | EZ8: L246P
A9: PA0869 | B9: PBP7 | E9: V61A | H9: V171I | M9: G137D | AS9: T200I | BI9: V305M | BL9: R112G | CS9: T200I; A290T | CW9: R175P | ER9: G30R | FF9: P88S | GN9: V9A | GQ9: H205N | GS9: V171I
A10: PA0958a | B10: oprD | C10: nt473∆14 | G10: W138X | I10: nt1056∆1 | V10: F321V, N430Y | Z10: nt1185∆1 | AG10: nt1206InsC | AH10: aa397∆9 | AN10: nt1206InsC | AO10: nt209∆10 | AQ10: D43N | AV10: Q142X | AW10: nt1206InsC | AX10: Q142X | BI10: nt438InsC | BJ10: W339X | BL10: nt175∆11 | BM10: L432P | BN10: nt199∆1 | BY10: Q142X | CA10: nt1206InsC | CE10: Q142X | CF10: Q142X | CH10: W277X | CK10: Q142X | CL10: Q142X | DE10: nt350InsC | DP10: W415X | DR10: W415X | DS10: T103S, K115T, F170L, nt169∆1, nt175InsA | DV10: nt55InsGCACT | DW10: D43N, M135I, E185Q, P186G, V189T, S267A, T276A, G310E, A315G, L347M, L359V, Q422E | DZ10: nt55InsGCACT | EC10: nt1206InsC | EE10: Y225X | EO10: L407P | EP10: S408P | EV10: W417X | EZ10: Q158X | FF10: Q422X | FI10: M135I | FJ10: D43N | FV10: W277X | GG10: W339G | GL10: D43N | GS10: nt742∆1 | GT10: nt991InsAC | GW10: Q142X
A11: PA1179 | B11: phoP | BK11: E35G | EN11: G70D
A12: PA1180 | B12: phoQ | AY12: R240C | BK12: S300R | BX12: S300R | CN12: A23V | CP12: Q308R | CT12: S300R | DY12: D326N | EH12: S300R | EJ12: S157T | ER12: D90E; E267Q; V369L | EW12: S300R | EX12: R3C
A13: PA1777 | B13: oprF | DB13: D64Y | DM13: nt164∆1
A14: PA1798 | B14: parS | C14: L79P | E14: V238L | I14: L137P; V216A | M14: S352I | Z14: A345T | AJ14: R83K; V216A | BE14: R385H | BK14: aa118∆4 | BM14: L137P; nt998∆1 | BS14: G303R | CM14: S352I | DS14: V238L | DT14: Y73C | DY14: S33R | ED14: A293V | EM14: L346P | EZ14: V216A | FD14: S277N | FG14: R7H | FS14: D348N | FX14: Q349K | FZ14: V238L | GC14: D351N | GE14: A395T | GF14: V152A | GP14: A29V | GT14: L137P
A15: PA1799 | B15: parR | BO15: L90I | DJ15: aa214∆1 | FN15: P128S | GI15: V55I; I80L | GX15: R178C
A16: PA2018 | B16: mexY | C16: D428N | F16: A708T | G16: D428N | H16: L239P | K16: T742I | O16: A131T; P1032S | U16: V875M; N1036S | Z16: N709S | AC16: A586T; N709H | AH16: R706H | AS16: A772T | BB16: R251H; I543V | BH16: P1032S | BL16: G530S | BM16: G530S | CY16: A285T | DF16: P1032S | DI16: DELETED | DN16: D628H | DU16: R1024S | DW16: R706H | DY16: T472P; P1032S | ED16: E505G | EG16: D724V | EQ16: P1032S | ER16: S48N; T472A; D502G; R519H; Q843R; I849V; A865D | FF16: A772T | FI16: R706H | FJ16: D428N | FN16: I531T | FR16: A772T | GF16: T238I | GI16: G1002A | GL16: T393A | GO16: A527V;V548M | GT16: G530S | GV16: G530S
A17: PA2019 | B17: mexX | K17: S320P | M17: I212L | W17: S382G | AC17: S382G | BB17: A38T | BC17: S382G | BI17: A375P; A383P | CJ17: V376M | DI17: DELETED | DU17: L154Q | ED17: R151H | EL17: Y255X | ER17: A15T; A48V; E142K; D384G | FN17: Q4H | FX17: W358C | FY17: Q396X | GG17: W358C | GP17: R69Q
A18: PA2020 | B18: mexZ | D18: D83E | G18: aa103∆1 | I18: aa163InsY | X18: T12N | AG18: W185X | AL18: nt484InsC | AV18: G195D | AX18: G195D | AZ18: aa187∆6 | BB18: G68D | BD18: G195D | BL18: Q140K | BN18: G195D | BO18: nt526∆8 | BR18: V105G | BY18: G195D | CE18: G195D | CF18: G195D | CH18: V105G | CK18: G195D | CL18: G195D | CU18: aa48∆9 | CW18: H51D | DG18: R45C | DH18: nt386∆1 | DI18: DELETED | DL18: D83E | DR18: G195D | DV18: G195D | DX18: L37P | DY18: nt491∆10 | DZ18: G195D | EB18: Q132X | EC18: nt320∆16 | EN18: Y204X | ER18: F192L | EU18: nt367∆10 | EV18: nt100∆1 | EZ18: aa163InsY | FD18: A47V | FL18: G195D | FN18: A81V; Q134R | FP18: Q132P | FV18: G195D | GG18: A88P | GH18: G195D | GI18: nt227∆1 | GS18: R104W | GW18: G195D
A19: PA2023 | B19: galU | CF19: nt61∆5 | DD19: ∆63nt | DI19: DELETED | DX19: G175S | EA19: aa207∆4 | EB19: Y12C; L21R; G56S | EN19: C242X | FE19: nt679∆1 | GS19: F248S
A20: PA2272 | B20: PBP3a | H20: D185E | M20: V187G; K358Q | AQ20: E66G | AS20: P54S | AV20: E37K | AX20: E37K | BD20: E37K | BH20: H99R; L552V | BK20: A20S | BN20: E37K | BX20: A20S | BY20: E37K | CE20: E37K | CF20: E37K | CK20: E37K | CL20: E37K | DC20: K358Q | DL20: T335S | DP20: E37K | DR20: E37K | DV20: E37K | DX20: I451T | DZ20: E37K | EF20: K358Q | EG20: V18I; E90Q; A371T | EH20: A20S | ER20: V18I; A85T; A86G; N164D; V187I | EW20: A20S | FC20: V18I | FL20: E37K | FV20: E37K | GC20: K358Q | GE20: A86V | GH20: E37K | GW20: E37K
A21: PA2491 | B21: mexS | Q21: L32Q; V333M | AC21: P90L | AR21: Q100H | AZ21: G231S | BB21: V104A | BL21: ∆720nt | BX21: K43E | CB21: V77I | CD21: V77I | CJ21: M106T | CP21: G11S | CU21: A52V | CV21: F10L | DK21: P13L | DQ21: nt907∆14 | DU21: P24L | EC21: V241M | EE21: nt396InsGT | EF21: X340ext | EG21: S289T; V308I | EL21: N246K | EN21: G76S | EO21: P225L | EP21: N246K | EQ21: DELETED | ER21: E286D | EW21: G248C | FC21: S289T; V308I | FK21: nt350∆1 | GI21: E205V | GQ21: G78S; aa147InsLKAG | GV21: D232G | GX21: S84F
A22: PA2492 | B22: mexT | C22: nt234∆8 | D22: nt234∆8 | E22: nt234∆8 | F22: nt234∆8 | G22: nt234∆8 | H22: nt234∆8 | I22: nt234∆8 | J22: nt234∆8 | K22: nt234∆8 | L22: nt234∆8 | M22: nt234∆8 | N22: nt234∆8 | O22: nt234∆8 | P22: nt234∆8 | Q22: R334C; nt234∆8 | R22: nt234∆8 | S22: nt234∆8 | T22: nt234∆8 | U22: nt234∆8 | V22: nt234∆8 | W22: nt234∆8 | X22: nt234∆8 | Y22: nt234∆8 | Z22: nt234∆8 | AB22: nt234∆8 | AC22: nt234∆8 | AD22: nt234∆8 | AE22: nt234∆8 | AF22: nt234∆8 | AG22: nt234∆8 | AH22: nt234∆8 | AI22: nt234∆8 | AJ22: nt234∆8 | AK22: nt234∆8 | AL22: nt234∆8 | AM22: nt234∆8 | AN22: nt234∆8 | AO22: nt234∆8 | AP22: nt234∆8 | AQ22: nt234∆8 | AR22: nt234∆8 | AS22: nt234∆8 | AT22: nt234∆8 | AU22: nt234∆8 | AV22: nt234∆8 | AW22: nt234∆8 | AX22: nt234∆8 | AY22: nt234∆8 | AZ22: nt234∆8 | BA22: nt234∆8 | BB22: nt234∆8 | BC22: nt234∆8 | BD22: nt234∆8 | BE22: nt234∆8 | BF22: nt234∆8 | BG22: nt234∆8 | BH22: nt234∆8 | BI22: nt234∆8 | BJ22: nt234∆8 | BK22: nt234∆8 | BL22: G276D; nt234∆8 | BM22: nt234∆8 | BN22: nt234∆8 | BO22: nt234∆8 | BP22: nt234∆8 | BQ22: nt234∆8 | BR22: nt234∆8 | BS22: nt234∆8 | BT22: nt234∆8 | BU22: nt234∆8 | BV22: nt234∆8 | BW22: nt234∆8 | BX22: nt234∆8 | BY22: nt234∆8 | BZ22: nt234∆8 | CA22: nt234∆8 | CB22: nt234∆8 | CC22: nt234∆8 | CD22: nt234∆8 | CE22: nt234∆8 | CF22: nt234∆8 | CG22: nt234∆8 | CH22: nt234∆8 | CI22: nt234∆8 | CJ22: nt234∆8 | CK22: nt234∆8 | CL22: nt234∆8 | CM22: nt234∆8 | CN22: v265a, nt234∆8 | CO22: nt234∆8 | CP22: nt234∆8 | CQ22: nt234∆8 | CR22: nt234∆8 | CS22: nt234∆8 | CT22: nt234∆8 | CU22: nt234∆8; nt395InsC | CV22: nt234∆8 | CW22: nt234∆8 | CX22: nt234∆8 | CY22: nt234∆8 | CZ22: nt234∆8 | DA22: nt234∆8 | DB22: nt234∆8 | DC22: nt234∆8 | DE22: nt234∆8 | DF22: nt234∆8 | DG22: nt234∆8 | DH22: nt234∆8 | DI22: nt234∆8 | DJ22: nt234∆8 | DK22: nt234∆8 | DL22: nt234∆8 | DM22: nt234∆8 | DN22: nt234∆8 | DO22: nt234∆8 | DP22: nt234∆8 | DQ22: nt234∆8 | DR22: nt234∆8 | DS22: nt234∆8 | DT22: nt234∆8 | DU22: nt234∆8 | DV22: nt234∆8 | DW22: nt234∆8 | DX22: nt234∆8 | DY22: nt234∆8 | DZ22: nt234∆8 | EA22: nt234∆8 | EB22: nt234∆8 | EC22: D96A; nt234∆8 | ED22: nt234∆8 | EE22: A47V; nt234∆8 | EF22: R334P; nt234∆8 | EG22: nt234∆8 | EH22: nt234∆8 | EI22: nt234∆8 | EJ22: nt234∆8 | EK22: nt234∆8 | EL22: nt234∆8 | EM22: nt234∆8 | EN22: nt234∆8 | EO22: nt234∆8 | EP22: nt234∆8 | EQ22: DELETED | ER22: nt234∆8 | ES22: nt234∆8 | ET22: nt234∆8 | EU22: nt234∆8 | EV22: nt234∆8 | EW22: nt234∆8 | EX22: nt234∆8 | EY22: nt234∆8 | EZ22: nt234∆8 | FA22: nt234∆8 | FB22: nt234∆8 | FC22: nt234∆8 | FD22: nt234∆8 | FE22: nt234∆8 | FF22: nt234∆8 | FG22: nt234∆8 | FH22: nt234∆8 | FI22: nt234∆8 | FJ22: nt234∆8 | FK22: nt234∆8 | FL22: nt234∆8 | FM22: nt234∆8 | FN22: nt234∆8 | FO22: nt234∆8 | FP22: nt234∆8 | FQ22: nt234∆8 | FR22: nt234∆8 | FS22: nt234∆8 | FT22: nt234∆8 | FU22: nt234∆8 | FV22: nt234∆8 | FW22: R209S; nt234∆8 | FX22: nt234∆8 | FY22: nt234∆8 | FZ22: nt234∆8 | GA22: nt234∆8 | GB22: nt234∆8 | GC22: nt234∆8 | GD22: nt234∆8 | GE22: nt234∆8 | GF22: nt234∆8 | GG22: nt234∆8 | GH22: nt234∆8 | GI22: nt234∆8 | GJ22: nt234∆8 | GK22: nt234∆8 | GL22: nt234∆8 | GM22: nt234∆8 | GN22: nt234∆8 | GO22: nt234∆8 | GP22: nt234∆8 | GQ22: nt234∆8 | GR22: nt234∆8 | GS22: nt234∆8 | GT22: nt234∆8 | GU22: nt234∆8 | GV22: nt234∆8 | GW22: nt234∆8 | GX22: nt234∆8
A23: PA2493 | B23: mexE | F23: G282S | T23: V156A | W23: P337A | BC23: P337A | BS23: G250D | CJ23: A377V | CN23: F284L | CU23: E2V, Q368R | DE23: E2V, Q368R | EQ23: DELETED | EV23: E2V, Q368R | EY23: E2V, Q368R | FJ23: V156A
A24: PA2494 | B24: mexF | AG24: Q363R | AS24: G1056D | BG24: A1062T | DC24: S510L | DX24: I753V | DY24: A598S | EB24: T95I | EC24: A550V | EQ24: DELETED | ER24: A256T; N276S; T713A | FR24: A842T | GA24: D669G | GD24: D669G
A25: PA2495 | B25: oprN | D25: A12T | L25: A228V | AC25: R363H | AK25: R151L | AS25: D102N | BA25: R455H | BC25: G364S | CJ25: T27A | CM25: P35L | DC25: A12T | DK25: R151L | DN25: A113S | DP25: P470S | EF25: A12T | EQ25: DELETED | ER25: S77T | FZ25: V172I | GC25: D31V | GM25: A113S | GR25: D98E
A26: PA3047 | B26: PBP4 | C26: T428P | AJ26: Y61H | BQ26: G263S | BS26: D176N | BV26: A340G | CL26: A434T | EC26: T27S; S150G | ER26: R475Q | FD26: F324I | FG26: Q212K | GN26: V289I | GT26: nt675InsTGGCC
A27: PA3168 | B27: gyrA | C27: T83I | G27: T83I | I27: T83I | Q27: T83I | X27: D87N | AP27: D87N | AV27: T83I; D87N | AX27: T83I; D87N | BD27: T83I; D87N | BF27: D87G | BI27: T83I | BM27: T83I; V671I | BN27: T83I; D87N | BO27: T83I | BR27: T83I; D87N | BY27: T83I; D87N | CA27: T83I; | CE27: T83I; D87N | CF27: T83I; D87N | CH27: T83I; V671I | CK27: T83I; D87N | CL27: T83I; D87N | CR27: T83I | CU27: T83I | DE27: T83I | DF27: T83I | DG27: T83I | DJ27: D87N | DK27: T83I | DP27: T83I | DQ27: T83I | DR27: T83I | DT27: D87N | DV27: T83I; D87N | DZ27: T83I; D87N | EB27: T83A; D87N | EC27: T83I | EE27: T83I | EF27: T83I | EI27: T83I | EL27: T83I | EP27: T83I | EQ27: D87N | EV27: T83I | EX27: T83I | EZ27: T83I | FD27: T83I; D87N | FG27: T83I | FL27: T83I; D87N | FR27: T83I; V671I | FV27: T83I; D87N | FW27: T83I | FX27: D87N | GH27: T83I; D87N | GT27: T83I | GV27: T83I | GW27: T83I; D87N
A28: PA3574 | B28: nalD | Q28: Q97X | BE28: aa25∆1 | BO28: T11N | BR28: ∆204nt | CS28: T188A | CU28: nt263∆17 | DF28: nt396∆2 | DK28: C149Y | EC28: G78R; nt232∆19 | EL28: nt232∆19 | EP28: nt232∆19 | ER28: E21D | EV28: nt295∆17 | EX28: T188A | FD28: ∆605nt | FW28: nt475∆16 | GA28: T188A | GD28: T188A | GJ28: T188A | GQ28: G172D
A29: PA3721 | B29: nalC | D29: T50P | M29: G213D | DD29: R191L | DE29: nt12InsG | DW29: nt15∆1 | ER29: A4V | EX29: nt15∆1 | GO29: T100S
A30: PA3999 | B30: PBP5 | EB30: nt390InsGT | ER30: N86S; S355T | FT30: N54S
A31: PA4003 | B31: PBP2 | AF31: A481T | BO31: A619E | BR31: A481T | CA31: A481T | CG31: D485N | CH31: A481T | EB31: D507G | ED31: V29I | ER31: A532V | ET31: L33P | GN31: S376N
A32: PA4020 | B32: mpl | E32: A356V | K32: A286V | AC32: S306N | AJ32: A222G | AO32: Y35S | AP32: X452ext | AU32: X452ext | BM32: aa436InsGGF | CA32: V420M | CN32: A331T; X452ext | CP32: C410T | DC32: G231E | DG32: P178L; X452ext | DN32: C410T | DX32: T115A; nt111InsC | EE32: aa35∆4 | EF32: G231E | EG32: P274L | EI32: nt111InsC | EO32: H190Y | EP32: nt111InsC | ER32: I266S; Q347R | FA32: X452ext | FD32: S131N; A428T | FG32: R103P | FL32: V281F | FW32: nt111∆1
A33: PA4109 | B33: ampR | AV33: G154R | AX33: G154R | BB33: A16V | BD33: G154R | BF33: nt66InsCC | BH33: G295R | BI33: D135G | BS33: S179N | BY33: G154R | CE33: G154R | CF33: G154R | CJ33: L177V | CK33: G154R | CL33: G154R | DE33: D135N | DM33: D135N | DX33: G295R | ED33: G231S | FD33: aa235∆6 | FJ33: E162Q | GQ33: G273E | GW33: G154R
A34: PA4110 | B34: ampC | F34: F6L | H34: L200F | J34: I365V | AH34: A156V; S306T | AJ34: I365V | AT34: G391P | BA34: I365V | BD34: E247G | BH34: A278G | BI34: R235H | BT34: G391P | CU34: A97V | CV34: G391P | DB34: G391P | DH34: S173N | DM34: I365V | DW34: A156V; S306T | ED34: Q117L; L133I | EG34: Q117L; D280N; Q311L | EJ34: G129S | EL34: G391P | ER34: P274H; S306A; I325V | EV34: A97V | EX34: P82L | EY34: A97V | FC34: Q117L | FI34: A156V; S306T | FN34: D302H | FP34: P274L | FX34: D291N | GG34: P274L | GM34: I365V | GP34: T16I; P148S
A35: PA4266 | B35: fusA1 | DM35: Q678L | DQ35: Q678R | DY35: R680C | ED35: S695T | EO35: T671A | GE35: K212T | GS35: Y552C
A36: PA4418 | B36: PBP3 | AW36: D440E | BI36: R551L | BK36: L21P | BO36: L23V | EG36: L219V | ER36: L240V; A572V | FS36: G243S | FW36: I347T | GM36: L23V; Y146F
A37: PA4522 | B37: ampD | G37: L135Q | H37: P126Q | I37: A96T | Q37: R140W | AP37: Q131X | BB37: T47I | BN37: T139M | BO37: D28G | CA37: S75F | CJ37: A144V | CO37: V10I | CY37: T182I | DF37: A134P | DJ37: D59E | DP37: F113L | DR37: F113L | DZ37: V10G | EC37: L40Q | EG37: D83G | ER37: R11H; A85S; S175P | EZ37: A96T | FD37: A29V; W97C | FF37: G137E | GI37: G46S | GJ37: A29V; W97C | GO37: R178C | GS37: P126Q
A38: PA4597 | B38: oprJ | O38: I261T | T38: A152V | CG38: A40G | CQ38: D256G | DN38: N73D | DS38: V472A | DX38: R210H | EG38: N121S | EN38: D303V | ER38: A41T | ES38: L81I; A152T | FN38: A364V | GL38: S127N
A39: PA4598 | B39: mexD | C39: A566T; V607A | G39: A566T; V607A | H39: R596S; L1027V | W39: N775K | AL39: T778A; P829H | BC39: N775K | BI39: E602K | BK39: A566T; V607A | BX39: A566T; V607A | CG39: S606L | CT39: A566T; V607A | CY39: T489I | DB39: A734V | DT39: R333C | DU39: A905T | EG39: E650Q; H953N | EH39: A566T; V607A | EJ39: aa1027InsLLS | EN39: aa1027InsLLS | ER39: G147D; A642D; H651R; T659S; S738N | ES39: G686R | EW39: A566T; V607A | EX39: V351L | FC39: E650Q; H953N; | FD39: T286M | FO39: I427V; G1042R | FX39: V914I | GL39: R696C | GS39: L1027V | GU39: R254H
A40: PA4599 | B40: mexC | E40: V131M | H40: V367A | AE40: G8R | AV40: E26A | AX40: E26A | BD40: E26A | BF40: nt205∆2 | BN40: E26A | BY40: E26A | CE40: E26A | CF40: E26A | CK40: E26A | CL40: E26A | CM40: M34I | DN40: T145I | DP40: E26A | DR40: E26A | DT40: Q206X | DV40: E26A | DX40: G254S | DZ40: E26A | EB40: Q134X | ER40: E152Q; V282I; N299S; G334A; V337A; E350K | FL40: E26A | FM40: G8R | FV40: E26A | FY40: E26A | GE40: S51R | GH40: E26A | GS40: V367A | GU40: V367A | GX40: E26A
A41: PA4600 | B41: nfxB | AE41: A124T | BB41: R163Q | CQ41: X188ext | DT41: aa18InsVA | DX41: G129R | EB41: Q64X | ED41: I149L | EF41: R47Q | ER41: E75G | FM41: A124T | FO41: G133S
A42: PA4700 | B42: PBP1b | E42: P495S | AK42: R360L | BA42: V491L | BL42: M715K | BM42: M715K | DK42: R360L | ED42: D502N | ER42: T410A; N555S | GC42: S701G | GT42: M715K | GV42: M715K
A43: PA4776 | B43: pmrA | H43: D61N | BX43: R122H | EQ43: E163D | FZ43: R81Q | GS43: D61N
A44: PA4777 | B44: pmrB | M44: T343A | X44: V431I | BA44: T406A | BQ44: H311Q | CB44: H311Q; A413T | CD44: H311Q; A413T | CU44: G362S | CY44: S94N | DE44: G362S | DT44: H311Q; A413T | EN44: A467V | ER44: A197S; E213D; L217V; ; L398Q; G469S | ES44: G439D | EV44: G362S | EY44: G362S | FB44: A67T | FQ44: V431I | FR44: A67T | FY44: P369S | GS44: A173T
A45: PA4964 | B45: parC | F45: R441L | I45: S87L | AE45: A688V | AH45: V238I | AS45: P683S | AV45: S87W; L168Q | AX45: S87W; L168Q | BD45: S87W; L168Q | BI45: D422A | BM45: S87L | BN45: S87W; L168Q | BR45: S87W | BY45: S87W; L168Q | CA45: S87W | CE45: S87W; L168Q | CF45: S87W; L168Q | CH45: S87W | CK45: S87W; L168Q | CL45: S87W; L168Q | CR45: S87L | CU45: S87L | DE45: S87L | DF45: E91K; L458F | DG45: S87L | DP45: S87W; L168Q | DR45: S87W; L168Q | DV45: S87W; L168Q | DW45: V238I | DZ45: S87W; L168Q | EC45: S87L | EE45: E91K | EF45: S87L | ER45: I388V; A528T | EV45: S87L | EZ45: S87L | FD45: S87L | FG45: S87L | FI45: V238I | FL45: S87W; L168Q | FM45: A688V | FR45: S87L | FV45: S87W; L168Q | FW45: S87L | FZ45: M502L | GB45: K726R | GH45: S87W; L168Q | GT45: E91K | GV45: G85C | GW45: S87W; L168Q
A46: PA4967 | B46: parE | G46: E459V | I46: P438S | BH46: E215Q | CJ46: V629A | CZ46: P511S | DF46: E215Q | EL46: S457R | EP46: S457R | EQ46: E215Q | EX46: E459K | EZ46: P438S | FX46: I89T | GN46: A342V
A47: PA5045 | B47: PBP1a | D47: F6I | F47: E345D | AF47: I418T | AQ47: A368T | AV47: E245D | AW47: I418T | AX47: E245D | BD47: E245D | BN47: E245D | BO47: D309E | BR47: I418T | BW47: K703T | BY47: E245D | BZ47: I418T | CA47: I418T | CE47: E245D | CF47: E245D | CH47: I418T | CK47: E245D | CL47: E245D | CW47: I418T | DI47: I418T | DO47: I418T | DP47: E245D | DR47: E245D | DV47: E245D | DZ47: E245D | ER47: M389I; I403V; H628P | FC47: D625N | FE47: I418T; | FK47: A368T | FL47: E245D | FR47: T256P | FU47: I418T | FV47: E245D | FX47: A72S | GH47: E245D | GJ47: R606S | GM47: A72S | GO47: T654P | GQ47: S717C | GT47: G596R | GU47: E367G | GW47: E245D
A48: PA5235 | B48: glpT | Q48: nt839∆1 | AE48: A201T | AS48: A17T | AV48: T211P | AX48: T211P | BD48: T211P | BI48: nt1109∆1 | BM48: G305D | BV48: I56F | BY48: T211P | CE48: T211P | CF48: T211P | CK48: T211P | CL48: T211P | CM48: T306P | CS48: C432S | CY48: C432S | DE48: S90P | DG48: G184R | EC48: nt834∆1 | EJ48: C432S | ER48: G184R | EV48: aa74∆2 | FD48: aa74∆2 | FL48: W148X | FM48: A201T | FW48: nt576∆13 | FY48: T336P | FZ48: V332M | GE48: C432S | GO48: T336P | GP48: V125I | GS48: S313P | GW48: T211P | GX48: C432S
A49: PA5471 | B49: armZ | H49: A262S | AK49: R320C | AV49: V266M | AX49: V266M | BD49: V266M | BH49: D159N | BN49: V266M | BO49: A262S | BU49: A87T | BY49: V266M | CE49: V266M | CF49: V266M | CK49: V266M | CL49: V266M | DC49: S184G | DF49: A262S | DP49: V266M | DR49: V266M | DV49: V266M | DZ49: V266M | EF49: S184G | EQ49: A262S | ER49: V247I; V362I | FB49: G190S | FJ49: V266M | FL49: V266M | FN49: G134D | FR49: G190S | FV49: V266M | GH49: V266M | GP49: H182Y | GS49: A262S | GW49: V266M
A50: PA5485 | B50: ampDh2 | AC50: P116S | ER50: A8V; Q110K | FT50: T115S | GX50: P21Q
A51: PA5513 | B51: poxA | D51: A278S | M51: H30Q; V267A | BA51: E282K | CC51: R112H | CO51: L257F | DE51: V83M | DS51: G269D | ER51: R47H; T232A; V267A; A278T | FB51: V108I | FO51: G138R; D241N; A278S | FR51: V108I | GE51: G64D | GL51: G64D | GN51: G13D; A88T
A52: PA5514 | B52: poxB (oxa-50) | E52: D86Y | F52: A189T | Z52: S7N | AH52: P197Q | AK52: K159N | DA52: A133G | DC52: E176A; A189T | DK52: K159N | DL52: A8T | DS52: nt134∆1 | DU52: A189T | DW52: P197Q | EF52: E176A; A189T | ER52: K256T | FI52: P197Q | FX52: P117Q | GE52: R49L | GN52: D23N | GS52: D23N
A53: PA5542 | B53: PIB-1 | H53: P249L | M53: P219T | AE53: P357L | AF53: R97T | AJ53: Y168H; S224A | AW53: R97T | AY53: R97T | BL53: V17I | BM53: V17I | BR53: R97T | BZ53: R97T | CA53: R97T | CH53: R97T | CI53: V173M | CW53: R97T | CY53: P219S | DH53: H236Q | DI53: R97T | DO53: R97T | DS53: Q278X | DZ53: S224A | ED53: S3N; A11V | EG53: S3N; A11V; V304M | ER53: A75P; G91D; A363V | FC53: S3N; V77M; E273K; E323G | FE53: R97T | FM53: P357L | FT53: P357L | FU53: R97T | FX53: G336S | GN53: P249L | GP53: A19V | GS53: P249L; E265A | GT53: V17I | GV53: V17I
A54: ACQUIRED | B54: TOB | C54: aac(6')-Ic | I54: aac(3)-Ib | AV54: aadB | AX54: aadB | BD54: aadB | BE54: aacA4 | BM54: aacA4 | BN54: aadB | BO54: aac(3)-I | BY54: aadB | CE54: aadB | CF54: aadB | CH54: aac(3)-I, aph(3')-XV, aadA1 | CK54: aadB | CL54: aac(3)-I, aadB | CU54: aadB4, aadA6 | CW54: aacA4 | DE54: aac(3)-Ia, aadA1, aadA6 | DF54: aadB | DP54: aadB | DR54: aadB | DV54: aac(3)-Ia, aph(3')-Via, aadB | DZ54: aadB, aph(3')-VIa, aadA13, aacA4 | EV54: aadA6 | EZ54: aacA4 | FD54: aacA4, aadA1 | FG54: aacA4, aadB | FL54: aadB | FP54: aacA4, aadA1, aadA6 | FV54: aadB, aacA4 | GH54: aadB | GT54: aacA4; aadA2 | GW54: aadB
A55: ACQUIRED | B55: CAZ | BE55: blaOXA-15 | CH55: blaVIM-1 | CU55: OXA-2 | DF55: blaIMP-1 (K41E) | DV55: blaVIM-20 | DZ55: blaVIM-20, blaOXA-210 | FV55: blaGES-5
A56: ACQUIRED | B56: MER | BE56: blaOXA-15 | CH56: blaVIM-1 | CU56: OXA-2 | DF56: blaIMP-1 (K41E) | DV56: blaVIM-20 | DZ56: blaVIM-20, blaOXA-210 | FV56: blaGES-5
A57: ACQUIRED | B57: CIP | EZ57: aac(6')Ib-cr
A58: ACQUIRED | B58: C/T | BE58: blaOXA-15 | CH58: blaVIM-1 | CU58: OXA-2 | DF58: blaIMP-1 (K41E) | DV58: blaVIM-20 | DZ58: blaVIM-20, blaOXA-210 | FV58: blaGES-5

Sheet Hoja1
A1: LOCUS | B1: GENE | C1: ANTIBIOTIC | D1: EFFECT | E1: VALUE | F1: TYPE OF MUTATION | G1: OBSERVACIONES | H1: AND01-004 | I1: AND01-005 | J1: AND01-006 | K1: AND01-016 | L1: AND02-001 | M1: AND02-002 | N1: AND02-003 | O1: AND02-006 | P1: AND03-001 | Q1: AND03-003 | R1: AND03-009 | S1: AND03-012 | T1: AND04-001 | U1: AND04-002 | V1: AND04-003 | W1: AND04-004A | X1: AND05-004 | Y1: AND05-005 | Z1: AND05-008 | AA1: AND05-009 | AB1: AND06-001 | AC1: AND06-002 | AD1: AND06-003 | AE1: AND06-006 | AF1: AND07-001 | AG1: AND07-002 | AH1: AND07-003 | AI1: AND07-005 | AJ1: ARA01-001 | AK1: ARA01-002 | AL1: ARA01-003 | AM1: ARA01-006 | AN1: ARA02-001 | AO1: ARA02-002 | AP1: ARA02-005 | AQ1: ARA02-007 | AR1: ARA03-001 | AS1: ARA03-002 | AT1: ARA03-003 | AU1: ARA03-004 | AV1: AST01-001 | AW1: AST01-003 | AX1: AST01-005 | AY1: AST01-006 | AZ1: BAL01-001 | BA1: BAL01-003 | BB1: BAL01-004 | BC1: BAL01-006 | BD1: BAL02-001 | BE1: BAL02-005 | BF1: BAL02-006 | BG1: BAL02-009 | BH1: BAL03-001 | BI1: BAL03-002 | BJ1: BAL03-003 | BK1: BAL03-006 | BL1: BAL04-001 | BM1: BAL04-002 | BN1: BAL04-003 | BO1: BAL04-004 | BP1: CAN01-001 | BQ1: CAN01-002 | BR1: CAN01-003 | BS1: CAN01-004 | BT1: CAT01-001 | BU1: CAT01-004 | BV1: CAT01-005 | BW1: CAT01-007 | BX1: CAT02-001 | BY1: CAT02-002 | BZ1: CAT02-003 | CA1: CAT02-004 | CB1: CAT03-001 | CC1: CAT03-002 | CD1: CAT03-004 | CE1: CAT03-005 | CF1: CAT04-001 | CG1: CAT04-002 | CH1: CAT04-003 | CI1: CAT04-004 | CJ1: CAT05-001 | CK1: CAT05-002 | CL1: CAT05-003 | CM1: CAT05-004 | CN1: CAT06-001 | CO1: CAT06-004 | CP1: CAT06-005 | CQ1: CAT06-008 | CR1: CAT07-001 | CS1: CAT07-002 | CT1: CAT07-003 | CU1: CAT07-005 | CV1: CAT08-013 | CW1: CAT08-014 | CX1: CAT08-015 | CY1: CAT08-016 | CZ1: CAT09-001 | DA1: CAT09-002 | DB1: CAT09-003 | DC1: CAT09-004 | DD1: CLE01-003 | DE1: CLE01-006 | DF1: CLE01-007 | DG1: CLE01-008 | DH1: CLE02-001 | DI1: CLE02-002 | DJ1: CLE02-004 | DK1: CLE02-006 | DL1: CLE03-003 | DM1: CLE03-004 | DN1: CLE03-005 | DO1: CLE03-006 | DP1: CLM01-001 | DQ1: CLM01-002 | DR1: CLM01-003 | DS1: CLM01-004 | DT1: CLM02-004 | DU1: CLM02-005 | DV1: CLM02-013 | DW1: CLM02-014 | DX1: CVA01-001 | DY1: CVA01-002 | DZ1: CVA01-005 | EA1: CVA01-006 | EB1: CVA02-001 | EC1: CVA02-002 | ED1: CVA02-003 | EE1: CVA02-005 | EF1: CVA03-001 | EG1: CVA03-002 | EH1: CVA03-004 | EI1: CVA03-006 | EJ1: EXT01-001 | EK1: EXT01-003 | EL1: EXT01-004 | EM1: EXT01-005 | EN1: GAL01-001 | EO1: GAL01-002 | EP1: GAL01-003 | EQ1: GAL01-012 | ER1: GAL02-001 | ES1: GAL02-002 | ET1: GAL02-004 | EU1: GAL02-006 | EV1: GAL03-002 | EW1: GAL03-003 | EX1: GAL03-004 | EY1: GAL03-005 | EZ1: GAL04-001 | FA1: GAL04-002 | FB1: GAL04-004 | FC1: GAL04-005 | FD1: GAL05-002 | FE1: GAL05-003 | FF1: GAL05-004 | FG1: GAL05-005 | FH1: GAL06-001 | FI1: GAL06-002 | FJ1: GAL06-003 | FK1: GAL06-004 | FL1: ICA01-001 | FM1: ICA01-002 | FN1: ICA01-003 | FO1: ICA01-004 | FP1: LRJ01-002 | FQ1: LRJ01-005 | FR1: LRJ01-010 | FS1: LRJ01-012 | FT1: MAD01-001 | FU1: MAD01-002 | FV1: MAD01-004 | FW1: MAD01-005 | FX1: MAD02-001 | FY1: MAD02-002 | FZ1: MAD02-004 | GA1: MAD02-005 | GB1: MAD03-001 | GC1: MAD03-002 | GD1: MAD03-004 | GE1: MAD03-005 | GF1: MAD04-001 | GG1: MAD04-002 | GH1: MAD04-003 | GI1: MAD04-004 | GJ1: MAD05-003 | GK1: MAD05-008 | GL1: MAD05-009 | GM1: MAD05-011 | GN1: MAD06-001 | GO1: MAD06-002 | GP1: MAD06-004 | GQ1: MAD06-005 | GR1: MUR01-001 | GS1: MUR01-002 | GT1: MUR01-003 | GU1: MUR01-004 | GV1: NAV01-001 | GW1: NAV01-004 | GX1: NAV01-005 | GY1: NAV01-012 | GZ1: PVA01-003 | HA1: PVA01-006 | HB1: PVA01-007 | HC1: PVA01-011
A2: ACQUIRED | B2: aac, aad, ant | C2: TOB | D2: + | E2: 1 | H2: =VC_NEW2!C52 -> 0 | I2: =VC_NEW2!D52 -> 0 | J2: =VC_NEW2!E52 -> 0 | K2: =VC_NEW2!F52 -> 0 | L2: =VC_NEW2!G52 -> 0 | M2: =VC_NEW2!H52 -> 0 | N2: =VC_NEW2!I52 -> aac(3)-Ib, aacA4, strA, strB | O2: =VC_NEW2!J52 -> 0 | ... HC2: =VC_NEW2!GX52 -> 0
A3: ACQUIRED | B3: blaOXA, blaNDM, blaVIM, blaIMP, blaCTX-M, blaKPC, blaCMY, blaDHA, blaACC, blaTEM, blaSHV, blaFOX, blaGES, blaIMI, blaOKP, blaOXY, blaPER, blaVEB, blaSMP, blaGIM, blaSIM | C3: CAZ | D3: + | E3: 2/0,5 | H3: =VC_NEW2!C53 -> 0 | I3: =VC_NEW2!D53 -> 0 | J3: =VC_NEW2!E53 -> 0 | K3: =VC_NEW2!F53 -> 0 | L3: =VC_NEW2!G53 -> 0 | M3: =VC_NEW2!H53 -> 0 | N3: =VC_NEW2!I53 -> 0 | O3: =VC_NEW2!J53 -> 0 | ... HC3: =VC_NEW2!GX53 -> 0
A4: ACQUIRED | B4: blaNDM, blaSMP, blaGIM, blaSIM, blaVIM, blaIMP, blaKPC, blaGES, blaIMI, blaVEB | C4: MER | D4: + | E4: 2 | H4: =VC_NEW2!C54 -> 0 | I4: =VC_NEW2!D54 -> 0 | J4: =VC_NEW2!E54 -> 0 | K4: =VC_NEW2!F54 -> 0 | L4: =VC_NEW2!G54 -> 0 | M4: =VC_NEW2!H54 -> 0 | N4: =VC_NEW2!I54 -> 0 | O4: =VC_NEW2!J54 -> 0 | ... HC4: =VC_NEW2!GX54 -> 0
A5: ACQUIRED | B5: blaOXA | C5: MER | D5: + | E5: 0.5 | H5: =VC_NEW2!C54 -> 0 | I5: =VC_NEW2!D54 -> 0 | J5: =VC_NEW2!E54 -> 0 | K5: =VC_NEW2!F54 -> 0 | L5: =VC_NEW2!G54 -> 0 | M5: =VC_NEW2!H54 -> 0 | N5: =VC_NEW2!I54 -> 0 | O5: =VC_NEW2!J54 -> 0 | ... HC5: =VC_NEW2!GX54 -> 0
A6: ACQUIRED | B6: aac(6')-Ib-cr, oqx, qepA, qnr, crpP | C6: CIP | D6: + | E6: 1 | H6: =VC_NEW2!C55 -> 0 | I6: =VC_NEW2!D55 -> 0 | J6: =VC_NEW2!E55 -> 0 | K6: =VC_NEW2!F55 -> 0 | L6: =VC_NEW2!G55 -> 0 | M6: =VC_NEW2!H55 -> 0 | N6: =VC_NEW2!I55 -> 0 | O6: =VC_NEW2!J55 -> 0 | ... HC6: =VC_NEW2!GX55 -> 0
A7: ACQUIRED | B7: blaNDM, blaSMP, blaGIM, blaSIM, blaVIM, blaIMP, blaKPC, blaGES, blaIMI, blaVEB, blaOXA (espectro extendido) | C7: C/T | D7: + | E7: 2/0,5 | H7: =VC_NEW2!C56 -> 0 | I7: =VC_NEW2!D56 -> 0 | J7: =VC_NEW2!E56 -> 0 | K7: =VC_NEW2!F56 -> 0 | L7: =VC_NEW2!G56 -> 0 | M7: =VC_NEW2!H56 -> 0 | N7: =VC_NEW2!I56 -> 0 | O7: =VC_NEW2!J56 -> 0 | ... HC7: =VC_NEW2!GX56 -> 0
A8: PA0004 | B8: gyrB | C8: CIP | D8: + | E8: 1 | F8: Gain of function | G8: SOLO REGION QRDR (466-468) | H8: =VC_NEW2!C2 -> 0 | I8: =VC_NEW2!D2 -> 0 | J8: =VC_NEW2!E2 -> 0 | K8: =VC_NEW2!F2 -> 0 | L8: =VC_NEW2!G2 -> 0 | M8: =VC_NEW2!H2 -> 0 | N8: =VC_NEW2!I2 -> E468D | O8: =VC_NEW2!J2 -> 0 | ... HC8: =VC_NEW2!GX2 -> 0
A9: PA0424 | B9: mexR | C9: CAZ | D9: + | E9: 0,5/0,25 | F9: Loss of function | G9: DOBLE SCORE | H9: =VC_NEW2!C3 -> 0 | I9: =VC_NEW2!D3 -> 0 | J9: =VC_NEW2!E3 -> 0 | K9: =VC_NEW2!F3 -> 0 | L9: =VC_NEW2!G3 -> 0 | M9: =VC_NEW2!H3 -> 0 | N9: =VC_NEW2!I3 -> 0 | O9: =VC_NEW2!J3 -> 0 | ... HC9: =VC_NEW2!GX3 -> 0
A10: PA0424 | B10: mexR | C10: MER | D10: + | E10: 0,5/0,25 | F10: Loss of function | G10: DOBLE SCORE | H10: =VC_NEW2!C3 -> 0 | I10: =VC_NEW2!D3 -> 0 | J10: =VC_NEW2!E3 -> 0 | K10: =VC_NEW2!F3 -> 0 | L10: =VC_NEW2!G3 -> 0 | M10: =VC_NEW2!H3 -> 0 | N10: =VC_NEW2!I3 -> 0 | O10: =VC_NEW2!J3 -> 0 | ... HC10: =VC_NEW2!GX3 -> 0
A11: PA0424 | B11: mexR | C11: CIP | D11: + | E11: 0,5/0,25 | F11: Loss of function | G11: DOBLE SCORE | H11: =VC_NEW2!C3 -> 0 | I11: =VC_NEW2!D3 -> 0 | J11: =VC_NEW2!E3 -> 0 | K11: =VC_NEW2!F3 -> 0 | L11: =VC_NEW2!G3 -> 0 | M11: =VC_NEW2!H3 -> 0 | N11: =VC_NEW2!I3 -> 0 | O11: =VC_NEW2!J3 -> 0 | ... HC11: =VC_NEW2!GX3 -> 0
A12: PA0424 | B12: mexR | C12: C/T | D12: + | E12: 0,25/0,125 | F12: Loss of function | G12: DOBLE SCORE | H12: =VC_NEW2!C3 -> 0 | I12: =VC_NEW2!D3 -> 0 | J12: =VC_NEW2!E3 -> 0 | K12: =VC_NEW2!F3 -> 0 | L12: =VC_NEW2!G3 -> 0 | M12: =VC_NEW2!H3 -> 0 | N12: =VC_NEW2!I3 -> 0 | O12: =VC_NEW2!J3 -> 0 | ... HC12: =VC_NEW2!GX3 -> 0
A13: PA0425 | B13: mexA | C13: CAZ | D13: - | E13: -0.5 | F13: Loss of function | G13: SOLO STOP CODON/FS | H13: =VC_NEW2!C4 -> 0 | I13: =VC_NEW2!D4 -> 0 | J13: =VC_NEW2!E4 -> 0 | K13: =VC_NEW2!F4 -> 0 | L13: =VC_NEW2!G4 -> 0 | M13: =VC_NEW2!H4 -> 0 | N13: =VC_NEW2!I4 -> 0 | O13: =VC_NEW2!J4 -> 0 | ... HC13: =VC_NEW2!GX4 -> 0
A14: PA0425 | B14: mexA | C14: MER | D14: - | E14: -0.5 | F14: Loss of function | G14: SOLO STOP CODON/FS | H14: =VC_NEW2!C4 -> 0 | I14: =VC_NEW2!D4 -> 0 | J14: =VC_NEW2!E4 -> 0 | K14: =VC_NEW2!F4 -> 0 | L14: =VC_NEW2!G4 -> 0 | M14: =VC_NEW2!H4 -> 0 | N14: =VC_NEW2!I4 -> 0 | O14: =VC_NEW2!J4 -> 0 | ... HC14: =VC_NEW2!GX4 -> 0
A15: PA0425 | B15: mexA | C15: CIP | D15: - | E15: -0.5 | F15: Loss of function | G15: SOLO STOP CODON/FS | H15: =VC_NEW2!C4 -> 0 | I15: =VC_NEW2!D4 -> 0 | J15: =VC_NEW2!E4 -> 0 | K15: =VC_NEW2!F4 -> 0 | L15: =VC_NEW2!G4 -> 0 | M15: =VC_NEW2!H4 -> 0 | N15: =VC_NEW2!I4 -> 0 | O15: =VC_NEW2!J4 -> 0 | ... HC15: =VC_NEW2!GX4 -> 0
A16: PA0425 | B16: mexA | C16: C/T | D16: - | E16: -0.25 | F16: Loss of function | G16: SOLO STOP CODON/FS | H16: =VC_NEW2!C4 -> 0 | I16: =VC_NEW2!D4 -> 0 | J16: =VC_NEW2!E4 -> 0 | K16: =VC_NEW2!F4 -> 0 | L16: =VC_NEW2!G4 -> 0 | M16: =VC_NEW2!H4 -> 0 | N16: =VC_NEW2!I4 -> 0 | O16: =VC_NEW2!J4 -> 0 | ... HC16: =VC_NEW2!GX4 -> 0
A17: PA0426 | B17: mexB | C17: CAZ | D17: - | E17: -0.5 | F17: Loss of function | G17: SOLO STOP CODON/FS | H17: =VC_NEW2!C5 -> 0 | I17: =VC_NEW2!D5 -> 0 | J17: =VC_NEW2!E5 -> 0 | K17: =VC_NEW2!F5 -> 0 | L17: =VC_NEW2!G5 -> 0 | M17: =VC_NEW2!H5 -> 0 | N17: =VC_NEW2!I5 -> 0 | O17: =VC_NEW2!J5 -> 0 | ... HC17: =VC_NEW2!GX5 -> 0
A18: PA0426 | B18: mexB | C18: MER | D18: - | E18: -0.5 | F18: Loss of function | G18: SOLO STOP CODON/FS | H18: =VC_NEW2!C5 -> 0 | I18: =VC_NEW2!D5 -> 0 | J18: =VC_NEW2!E5 -> 0 | K18: =VC_NEW2!F5 -> 0 | L18: =VC_NEW2!G5 -> 0 | M18: =VC_NEW2!H5 -> 0 | N18: =VC_NEW2!I5 -> 0 | O18: =VC_NEW2!J5 -> 0 | ... HC18: =VC_NEW2!GX5 -> 0
A19: PA0426 | B19: mexB | C19: CIP | D19: - | E19: -0.5 | F19: Loss of function | G19: SOLO STOP CODON/FS | H19: =VC_NEW2!C5 -> 0 | I19: =VC_NEW2!D5 -> 0 | J19: =VC_NEW2!E5 -> 0 | K19: =VC_NEW2!F5 -> 0 | L19: =VC_NEW2!G5 -> 0 | M19: =VC_NEW2!H5 -> 0 | N19: =VC_NEW2!I5 -> 0 | O19: =VC_NEW2!J5 -> 0 | ... HC19: =VC_NEW2!GX5 -> 0
A20: PA0426 | B20: mexB | C20: C/T | D20: - | E20: -0.25 | F20: Loss of function | G20: SOLO STOP CODON/FS | H20: =VC_NEW2!C5 -> 0 | I20: =VC_NEW2!D5 -> 0 | J20: =VC_NEW2!E5 -> 0 | K20: =VC_NEW2!F5 -> 0 | L20: =VC_NEW2!G5 -> 0 | M20: =VC_NEW2!H5 -> 0 | N20: =VC_NEW2!I5 -> 0 | O20: =VC_NEW2!J5 -> 0 | ... HC20: =VC_NEW2!GX5 -> 0
A21: PA0427 | B21: oprM | C21: TOB | D21: - | E21: -0.5 | F21: Loss of function | G21: SOLO STOP CODON/FS | H21: =VC_NEW2!C6 -> 0 | I21: =VC_NEW2!D6 -> 0 | J21: =VC_NEW2!E6 -> 0 | K21: =VC_NEW2!F6 -> 0 | L21: =VC_NEW2!G6 -> 0 | M21: =VC_NEW2!H6 -> 0 | N21: =VC_NEW2!I6 -> 0 | O21: =VC_NEW2!J6 -> 0 | ... HC21: =VC_NEW2!GX6 -> 0
A22: PA0427 | B22: oprM | C22: CAZ | D22: - | E22: -0.5 | F22: Loss of function | G22: SOLO STOP CODON/FS | H22: =VC_NEW2!C6 -> 0 | I22: =VC_NEW2!D6 -> 0 | J22: =VC_NEW2!E6 -> 0 | K22: =VC_NEW2!F6 -> 0 | L22: =VC_NEW2!G6 -> 0 | M22: =VC_NEW2!H6 -> 0 | N22: =VC_NEW2!I6 -> 0 | O22: =VC_NEW2!J6 -> 0 | ... HC22: =VC_NEW2!GX6 -> 0
A23: PA0427 | B23: oprM | C23: MER | D23: - | E23: -0.5 | F23: Loss of function | G23: SOLO STOP CODON/FS | H23: =VC_NEW2!C6 -> 0 | I23: =VC_NEW2!D6 -> 0 | J23: =VC_NEW2!E6 -> 0 | K23: =VC_NEW2!F6 -> 0 | L23: =VC_NEW2!G6 -> 0 | M23: =VC_NEW2!H6 -> 0 | N23: =VC_NEW2!I6 -> 0 | O23: =VC_NEW2!J6 -> 0 | ... HC23: =VC_NEW2!GX6 -> 0
A24: PA0427 | B24: oprM | C24: CIP | D24: - | E24: -0.5 | F24: Loss of function | G24: SOLO STOP CODON/FS | H24: =VC_NEW2!C6 -> 0 | I24: =VC_NEW2!D6 -> 0 | J24: =VC_NEW2!E6 -> 0 | K24: =VC_NEW2!F6 -> 0 | L24: =VC_NEW2!G6 -> 0 | M24: =VC_NEW2!H6 -> 0 | N24: =VC_NEW2!I6 -> 0 | O24: =VC_NEW2!J6 -> 0 | ... HC24: =VC_NEW2!GX6 -> 0
A25: PA0427 | B25: oprM | C25: C/T | D25: - | E25: -0.25 | F25: Loss of function | G25: SOLO STOP CODON/FS | H25: =VC_NEW2!C6 -> 0 | I25: =VC_NEW2!D6 -> 0 | J25: =VC_NEW2!E6 -> 0 | K25: =VC_NEW2!F6 -> 0 | L25: =VC_NEW2!G6 -> 0 | M25: =VC_NEW2!H6 -> 0 | N25: =VC_NEW2!I6 -> 0 | O25: =VC_NEW2!J6 -> 0 | ... HC25: =VC_NEW2!GX6 -> 0
A26: PA0807 | B26: ampDh3 | C26: CAZ | D26: + | E26: 0,25/0,125 | F26: Loss of function | G26: DOBLE SCORE | H26: =VC_NEW2!C7 -> 0 | I26: =VC_NEW2!D7 -> 0 | J26: =VC_NEW2!E7 -> 0 | K26: =VC_NEW2!F7 -> 0 | L26: =VC_NEW2!G7 -> 0 | M26: =VC_NEW2!H7 -> 0 | N26: =VC_NEW2!I7 -> 0 | O26: =VC_NEW2!J7 -> 0 | ... HC26: =VC_NEW2!GX7 -> 0
A27: PA0958 | B27: oprD | C27: MER | D27: + | E27: 0,5/0,25 | F27: Loss of function | G27: DOBLE SCORE | H27: =VC_NEW2!C9 -> 0 | I27: =VC_NEW2!D9 -> 0 | J27: =VC_NEW2!E9 -> 0 | K27: =VC_NEW2!F9 -> 0 | L27: =VC_NEW2!G9 -> W138X | M27: =VC_NEW2!H9 -> 0 | N27: =VC_NEW2!I9 -> nt1056∆1 | O27: =VC_NEW2!J9 -> 0 | ... HC27: =VC_NEW2!GX9 -> 0
A28: PA1798 | B28: parS | C28: TOB | D28: + | E28: 0,5/0,25 | F28: Gain of function | G28: DOBLE SCORE (L14Q, V101M, L137P, A138T, A168V, Q232E, G361R) | H28: =VC_NEW2!C12 -> 0 | I28: =VC_NEW2!D12 -> V238L | J28: =VC_NEW2!E12 -> 0 | K28: =VC_NEW2!F12 -> 0 | L28: =VC_NEW2!G12 -> 0 | M28: =VC_NEW2!H12 -> 0 | N28: =VC_NEW2!I12 -> L137P, V216A | O28: =VC_NEW2!J12 -> 0 | ... HC28: =VC_NEW2!GX12 -> 0
A29: PA1798 | B29: parS | C29: MER | D29: + | E29: 0,5/0,25 | F29: Gain of function | G29: DOBLE SCORE (L14Q, V101M, L137P, A138T, A168V, Q232E, G361R) | H29: =VC_NEW2!C12 -> 0 | I29: =VC_NEW2!D12 -> V238L | J29: =VC_NEW2!E12 -> 0 | K29: =VC_NEW2!F12 -> 0 | L29: =VC_NEW2!G12 -> 0 | M29: =VC_NEW2!H12 -> 0 | N29: =VC_NEW2!I12 -> L137P, V216A | O29: =VC_NEW2!J12 -> 0 | ... HC29: =VC_NEW2!GX12 -> 0
A30: PA1798 | B30: parS | C30: CIP | D30: + | E30: 0,25/0,125 | F30: Gain of function | G30: DOBLE SCORE (L14Q, V101M, L137P, A138T, A168V, Q232E, G361R) | H30: =VC_NEW2!C12 -> 0 | I30: =VC_NEW2!D12 -> V238L | J30: =VC_NEW2!E12 -> 0 | K30: =VC_NEW2!F12 -> 0 | L30: =VC_NEW2!G12 -> 0 | M30: =VC_NEW2!H12 -> 0 | N30: =VC_NEW2!I12 -> L137P, V216A | O30: =VC_NEW2!J12 -> 0 | ... HC30: =VC_NEW2!GX12 -> 0
A31: PA1799 | B31: parR | C31: TOB | D31: + | E31: 0,5/0,25 | F31: Gain of function | G31: DOBLE SCORE (M59I, E156K) | H31: =VC_NEW2!C13 -> 0 | I31: =VC_NEW2!D13 -> 0 | J31: =VC_NEW2!E13 -> 0 | K31: =VC_NEW2!F13 -> 0 | L31: =VC_NEW2!G13 -> 0 | M31: =VC_NEW2!H13 -> 0 | N31: =VC_NEW2!I13 -> 0 | O31: =VC_NEW2!J13 -> 0 | ... HC31: =VC_NEW2!GX13 -> R178C
A32: PA1799 | B32: parR | C32: MER | D32: + | E32: 0,5/0,25 | F32: Gain of function | G32: DOBLE SCORE (M59I, E156K) | H32: =VC_NEW2!C13 -> 0 | I32: =VC_NEW2!D13 -> 0 | J32: =VC_NEW2!E13 -> 0 | K32: =VC_NEW2!F13 -> 0 | L32: =VC_NEW2!G13 -> 0 | M32: =VC_NEW2!H13 -> 0 | N32: =VC_NEW2!I13 -> 0 | O32: =VC_NEW2!J13 -> 0 | ... HC32: =VC_NEW2!GX13 -> R178C
A33: PA1799 | B33: parR | C33: CIP | D33: + | E33: 0,25/0,125 | F33: Gain of function | G33: DOBLE SCORE (M59I, E156K) | H33: =VC_NEW2!C13 -> 0 | I33: =VC_NEW2!D13 -> 0 | J33: =VC_NEW2!E13 -> 0 | K33: =VC_NEW2!F13 -> 0 | L33: =VC_NEW2!G13 -> 0 | M33: =VC_NEW2!H13 -> 0 | N33: =VC_NEW2!I13 -> 0 | O33: =VC_NEW2!J13 -> 0 | ... HC33: =VC_NEW2!GX13 -> R178C
A34: PA2018 | B34: mexY | C34: TOB | D34: - | E34: -0.5 | F34: Loss of function | G34: SÓLO STOP CODON/ FS | H34: =VC_NEW2!C14 -> 0 | I34: =VC_NEW2!D14 -> 0 | J34: =VC_NEW2!E14 -> A708T | K34: =VC_NEW2!F14 -> 0 | L34: =VC_NEW2!G14 -> D428N | M34: =VC_NEW2!H14 -> L239P | N34: =VC_NEW2!I14 -> 0 | O34: =VC_NEW2!J14 -> 0 | ... HC34: =VC_NEW2!GX14 -> 0
A35: PA2018 | B35: mexY | C35: MER | D35: - | E35: -0.5 | F35: Loss of function | G35: SÓLO STOP CODON/ FS | H35: =VC_NEW2!C14 -> 0 | I35: =VC_NEW2!D14 -> 0 | J35: =VC_NEW2!E14 -> A708T | K35: =VC_NEW2!F14 -> 0 | L35: =VC_NEW2!G14 -> D428N | M35: =VC_NEW2!H14 -> L239P | N35: =VC_NEW2!I14 -> 0 | O35: =VC_NEW2!J14 -> 0 | ... HC35: =VC_NEW2!GX14 -> 0
A36: PA2018 | B36: mexY | C36: CIP | D36: - | E36: -0.25 | F36: Loss of function | G36: SÓLO STOP CODON/ FS | H36: =VC_NEW2!C14 -> 0 | I36: =VC_NEW2!D14 -> 0 | J36: =VC_NEW2!E14 -> A708T | K36: =VC_NEW2!F14 -> 0 | L36: =VC_NEW2!G14 -> D428N | M36: =VC_NEW2!H14 -> L239P | N36: =VC_NEW2!I14 -> 0 | O36: =VC_NEW2!J14 -> 0 | ... HC36: =VC_NEW2!GX14 -> 0
A37: PA2019 | B37: mexX | C37: TOB | D37: - | E37: -0.5 | F37: Loss of function | G37: SÓLO STOP CODON/ FS | H37: =VC_NEW2!C15 -> 0 | I37: =VC_NEW2!D15 -> 0 | J37: =VC_NEW2!E15 -> 0 | K37: =VC_NEW2!F15 -> 0 | L37: =VC_NEW2!G15 -> 0 | M37: =VC_NEW2!H15 -> 0 | N37: =VC_NEW2!I15 -> 0 | O37: =VC_NEW2!J15 -> 0 | ... HC37: =VC_NEW2!GX15 -> 0
A38: PA2019 | B38: mexX | C38: MER | D38: - | E38: -0.5 | F38: Loss of function | G38: SÓLO STOP CODON/ FS | H38: =VC_NEW2!C15 -> 0 | I38: =VC_NEW2!D15 -> 0 | J38: =VC_NEW2!E15 -> 0 | K38: =VC_NEW2!F15 -> 0 | L38: =VC_NEW2!G15 -> 0 | M38: =VC_NEW2!H15 -> 0 | N38: =VC_NEW2!I15 -> 0 | O38: =VC_NEW2!J15 -> 0 | ... HC38: =VC_NEW2!GX15 -> 0
A39: PA2019 | B39: mexX | C39: CIP | D39: - | E39: -0.25 | F39: Loss of function | G39: SÓLO STOP CODON/ FS | H39: =VC_NEW2!C15 -> 0 | I39: =VC_NEW2!D15 -> 0 | J39: =VC_NEW2!E15 -> 0 | K39: =VC_NEW2!F15 -> 0 | L39: =VC_NEW2!G15 -> 0 | M39: =VC_NEW2!H15 -> 0 | N39: =VC_NEW2!I15 -> 0 | O39: =VC_NEW2!J15 -> 0 | ... HC39: =VC_NEW2!GX15 -> 0
A40: PA2020 | B40: mexZ | C40: TOB | D40: + | E40: 0,5/0,25 | F40: Loss of function | G40: DOBLE SCORE | H40: =VC_NEW2!C16 -> 0 | I40: =VC_NEW2!D16 -> 0 | J40: =VC_NEW2!E16 -> 0 | K40: =VC_NEW2!F16 -> 0 | L40: =VC_NEW2!G16 -> aa103∆1 | M40: =VC_NEW2!H16 -> 0 | N40: =VC_NEW2!I16 -> aa163InsY | O40: =VC_NEW2!J16 -> 0 | ... HC40: =VC_NEW2!GX16 -> 0
A41: PA2020 | B41: mexZ | C41: MER | D41: + | E41: 0,5/0,25 | F41: Loss of function | G41: DOBLE SCORE | H41: =VC_NEW2!C16 -> 0 | I41: =VC_NEW2!D16 -> 0 | J41: =VC_NEW2!E16 -> 0 | K41: =VC_NEW2!F16 -> 0 | L41: =VC_NEW2!G16 -> aa103∆1 | M41: =VC_NEW2!H16 -> 0 | N41: =VC_NEW2!I16 -> aa163InsY | O41: =VC_NEW2!J16 -> 0 | ... HC41: =VC_NEW2!GX16 -> 0
A42: PA2020 | B42: mexZ | C42: CIP | D42: + | E42: 0,25/0,125 | F42: Loss of function | G42: DOBLE SCORE | H42: =VC_NEW2!C16 -> 0 | I42: =VC_NEW2!D16 -> 0 | J42: =VC_NEW2!E16 -> 0 | K42: =VC_NEW2!F16 -> 0 | L42: =VC_NEW2!G16 -> aa103∆1 | M42: =VC_NEW2!H16 -> 0 | N42: =VC_NEW2!I16 -> aa163InsY | O42: =VC_NEW2!J16 -> 0 | ... HC42: =VC_NEW2!GX16 -> 0
A43: PA2023 | B43: galU | C43: TOB | D43: - | E43: -0,5/-0,25 | F43: Loss of function | G43: DOBLE SCORE | H43: =VC_NEW2!C17 -> 0 | I43: =VC_NEW2!D17 -> 0 | J43: =VC_NEW2!E17 -> 0 | K43: =VC_NEW2!F17 -> 0 | L43: =VC_NEW2!G17 -> 0 | M43: =VC_NEW2!H17 -> 0 | N43: =VC_NEW2!I17 -> 0 | O43: =VC_NEW2!J17 -> 0 | ... HC43: =VC_NEW2!GX17 -> 0
A44: PA2023 | B44: galU | C44: CAZ | D44: + | E44: 0,5/0,25 | F44: Loss of function | G44: DOBLE SCORE | H44: =VC_NEW2!C17 -> 0 | I44: =VC_NEW2!D17 -> 0 | J44: =VC_NEW2!E17 -> 0 | K44: =VC_NEW2!F17 -> 0 | L44: =VC_NEW2!G17 -> 0 | M44: =VC_NEW2!H17 -> 0 | N44: =VC_NEW2!I17 -> 0 | O44: =VC_NEW2!J17 -> 0 | ... HC44: =VC_NEW2!GX17 -> 0
A45: PA2023 | B45: galU | C45: MER | D45: + | E45: 0,5/0,25 | F45: Loss of function | G45: DOBLE SCORE | H45: =VC_NEW2!C17 -> 0 | I45: =VC_NEW2!D17 -> 0 | J45: =VC_NEW2!E17 -> 0 | K45: =VC_NEW2!F17 -> 0 | L45: =VC_NEW2!G17 -> 0 | M45: =VC_NEW2!H17 -> 0 | N45: =VC_NEW2!I17 -> 0 | O45: =VC_NEW2!J17 -> 0 | ... HC45: =VC_NEW2!GX17 -> 0
A46: PA2023 | B46: galU | C46: C/T | D46: + | E46: 0,5/0,25 | F46: Loss of function | G46: DOBLE SCORE | H46: =VC_NEW2!C17 -> 0 | I46: =VC_NEW2!D17 -> 0 | J46: =VC_NEW2!E17 -> 0 | K46: =VC_NEW2!F17 -> 0 | L46: =VC_NEW2!G17 -> 0 | M46: =VC_NEW2!H17 -> 0 | N46: =VC_NEW2!I17 -> 0 | O46: =VC_NEW2!J17 -> 0 | ... HC46: =VC_NEW2!GX17 -> 0
A47: PA2491 | B47: mexS* (mexT tiene que ser funcional!) | C47: MER | D47: + | E47: 0,5/0,25 | F47: Loss of function | G47: DOBLE SCORE | H47: =VC_NEW2!C19 -> 0 | I47: =VC_NEW2!D19 -> 0 | J47: =VC_NEW2!E19 -> 0 | K47: =VC_NEW2!F19 -> 0 | L47: =VC_NEW2!G19 -> 0 | M47: =VC_NEW2!H19 -> 0 | N47: =VC_NEW2!I19 -> 0 | O47: =VC_NEW2!J19 -> 0 | ... HC47: =VC_NEW2!GX19 -> S84F
A48: PA2491 | B48: mexS* (mexT Y LA BOMBA tiene que ser funcional!) | C48: CIP | D48: + | E48: 1/0,5 | F48: Loss of function | G48: DOBLE SCORE | H48: =VC_NEW2!C19 -> 0 | I48: =VC_NEW2!D19 -> 0 | J48: =VC_NEW2!E19 -> 0 | K48: =VC_NEW2!F19 -> 0 | L48: =VC_NEW2!G19 -> 0 | M48: =VC_NEW2!H19 -> 0 | N48: =VC_NEW2!I19 -> 0 | O48: =VC_NEW2!J19 -> 0 | ... HC48: =VC_NEW2!GX19 -> S84F
A49: PA2492 | B49: mexT* (Tiene que ser funcional!!) | C49: MER | D49: + | E49: 0,5/0,25 | F49: Gain of function | G49: DOBLE SCORE (G257S, G257A) | H49: =VC_NEW2!C20 -> nt234∆8 | I49: =VC_NEW2!D20 -> nt234∆8 | J49: =VC_NEW2!E20 -> nt234∆8 | K49: =VC_NEW2!F20 -> nt234∆8 | L49: =VC_NEW2!G20 -> nt234∆8 | M49: =VC_NEW2!H20 -> nt234∆8 | N49: =VC_NEW2!I20 -> nt234∆8 | O49: =VC_NEW2!J20 -> nt234∆8 | ... HC49: =VC_NEW2!GX20 -> nt234∆8
A50: PA2492 | B50: mexT* (mexT Y LA BOMBA tiene que ser funcional!) | C50: CIP | D50: + | E50: 1/0,5 | F50: Gain of function | G50: DOBLE SCORE (G257S, G257A) | H50: =VC_NEW2!C20 -> nt234∆8 | I50: =VC_NEW2!D20 -> nt234∆8 | J50: =VC_NEW2!E20 -> nt234∆8 | K50: =VC_NEW2!F20 -> nt234∆8 | L50: =VC_NEW2!G20 -> nt234∆8 | M50: =VC_NEW2!H20 -> nt234∆8 | N50: =VC_NEW2!I20 -> nt234∆8 | O50: =VC_NEW2!J20 -> nt234∆8 | ... HC50: =VC_NEW2!GX20 -> nt234∆8
A51: PA2493 | B51: mexE | C51: CIP | D51: - | F51: Loss of function | G51: SÓLO COMPROBAR SI ESTÁ ACTIVA | H51: =VC_NEW2!C21 -> 0 | I51: =VC_NEW2!D21 -> 0 | J51: =VC_NEW2!E21 -> G282S | K51: =VC_NEW2!F21 -> 0 | L51: =VC_NEW2!G21 -> 0 | M51: =VC_NEW2!H21 -> 0 | N51: =VC_NEW2!I21 -> 0 | O51: =VC_NEW2!J21 -> 0 | ... HC51: =VC_NEW2!GX21 -> 0
A52: PA2494 | B52: mexF | C52: CIP | D52: - | F52: Loss of function | H52: =VC_NEW2!C22 -> 0 | I52: =VC_NEW2!D22 -> 0 | J52: =VC_NEW2!E22 -> 0 | K52: =VC_NEW2!F22 -> 0 | L52: =VC_NEW2!G22 -> 0 | M52: =VC_NEW2!H22 -> 0 | N52: =VC_NEW2!I22 -> 0 | O52: =VC_NEW2!J22 -> 0 | ... HC52: =VC_NEW2!GX22 -> 0
A53: PA2495 | B53: oprN | C53: CIP | D53: - | F53: Loss of function | H53: =VC_NEW2!C23 -> A12T | I53: =VC_NEW2!D23 -> 0 | J53: =VC_NEW2!E23 -> 0 | K53: =VC_NEW2!F23 -> 0 | L53: =VC_NEW2!G23 -> 0 | M53: =VC_NEW2!H23 -> 0 | N53: =VC_NEW2!I23 -> 0 | O53: =VC_NEW2!J23 -> 0 | ... HC53: =VC_NEW2!GX23 -> 0
A54: PA3047 | B54: dacB/PBP4 | C54: CAZ | D54: + | E54: 1/0,5 | F54: Loss of function | G54: DOBLE SCORE | H54: =VC_NEW2!C24 -> 0 | I54: =VC_NEW2!D24 -> 0 | J54: =VC_NEW2!E24 -> 0 | K54: =VC_NEW2!F24 -> 0 | L54: =VC_NEW2!G24 -> 0 | M54: =VC_NEW2!H24 -> 0 | N54: =VC_NEW2!I24 -> 0 | O54: =VC_NEW2!J24 -> 0 | ... HC54: =VC_NEW2!GX24 -> 0
A55: PA3047 | B55: dacB/PBP4 | C55: MER | D55: + | E55: 0,25/0,125 | F55: Loss of function | G55: DOBLE SCORE | H55: =VC_NEW2!C24 -> 0 | I55: =VC_NEW2!D24 -> 0 | J55: =VC_NEW2!E24 -> 0 | K55: =VC_NEW2!F24 -> 0 | L55: =VC_NEW2!G24 -> 0 | M55: =VC_NEW2!H24 -> 0 | N55: =VC_NEW2!I24 -> 0 | O55: =VC_NEW2!J24 -> 0 | ... HC55: =VC_NEW2!GX24 -> 0
A56: PA3047 | B56: dacB/PBP4 | C56: C/T | D56: + | E56: 0,25/0,125 | F56: Loss of function | G56: DOBLE SCORE | H56: =VC_NEW2!C24 -> 0 | I56: =VC_NEW2!D24 -> 0 | J56: =VC_NEW2!E24 -> 0 | K56: =VC_NEW2!F24 -> 0 | L56: =VC_NEW2!G24 -> 0 | M56: =VC_NEW2!H24 -> 0 | N56: =VC_NEW2!I24 -> 0 | O56: =VC_NEW2!J24 -> 0 | ... HC56: =VC_NEW2!GX24 -> 0
A57: PA3168 | B57: gyrA | C57: CIP | D57: + | E57: 1 | F57: Gain of function | G57: SOLO QRDR (81, 83, 86, 87, 106) | H57: =VC_NEW2!C25 -> 0 | I57: =VC_NEW2!D25 -> 0 | J57: =VC_NEW2!E25 -> 0 | K57: =VC_NEW2!F25 -> T83I | L57: =VC_NEW2!G25 -> T83I | M57: =VC_NEW2!H25 -> 0 | N57: =VC_NEW2!I25 -> T83I | O57: =VC_NEW2!J25 -> 0 | ... HC57: =VC_NEW2!GX25 -> 0
A58: PA3574 | B58: nalD | C58: CAZ | D58: + | E58: 0,5/0,25 | F58: Loss of function | G58: DOBLE SCORE | H58: =VC_NEW2!C26 -> 0 | I58: =VC_NEW2!D26 -> 0 | J58: =VC_NEW2!E26 -> 0 | K58: =VC_NEW2!F26 -> nt451Δ16 | L58: =VC_NEW2!G26 -> 0 | M58: =VC_NEW2!H26 -> 0 | N58: =VC_NEW2!I26 -> 0 | O58: =VC_NEW2!J26 -> 0 | ... HC58: =VC_NEW2!GX26 -> 0
A59: PA3574 | B59: nalD | C59: MER | D59: + | E59: 0,5/0,25 | F59: Loss of function | G59: DOBLE SCORE | H59: =VC_NEW2!C26 -> 0 | I59: =VC_NEW2!D26 -> 0 | J59: =VC_NEW2!E26 -> 0 | K59: =VC_NEW2!F26 -> nt451Δ16 | L59: =VC_NEW2!G26 -> 0 | M59: =VC_NEW2!H26 -> 0 | N59: =VC_NEW2!I26 -> 0 | O59: =VC_NEW2!J26 -> 0 | ... HC59: =VC_NEW2!GX26 -> 0
A60: PA3574 | B60: nalD | C60: CIP | D60: + | E60: 0,5/0,25 | F60: Loss of function | G60: DOBLE SCORE | H60: =VC_NEW2!C26 -> 0 | I60: =VC_NEW2!D26 -> 0 | J60: =VC_NEW2!E26 -> 0 | K60: =VC_NEW2!F26 -> nt451Δ16 | L60: =VC_NEW2!G26 -> 0 | M60: =VC_NEW2!H26 -> 0 | N60: =VC_NEW2!I26 -> 0 | O60: =VC_NEW2!J26 -> 0 | ... HC60: =VC_NEW2!GX26 -> 0
A61: PA3574 | B61: nalD | C61: C/T | D61: + | E61: 0,25/0,125 | F61: Loss of function | G61: DOBLE SCORE | H61: =VC_NEW2!C26 -> 0 | I61: =VC_NEW2!D26 -> 0 | J61: =VC_NEW2!E26 -> 0 | K61: =VC_NEW2!F26 -> nt451Δ16 | L61: =VC_NEW2!G26 -> 0 | M61: =VC_NEW2!H26 -> 0 | N61: =VC_NEW2!I26 -> 0 | O61: =VC_NEW2!J26 -> 0 | ... HC61: =VC_NEW2!GX26 -> 0
A62: PA3721 | B62: nalC | C62: CAZ | D62: + | E62: 0,5/0,25 | F62: Loss of function | G62: DOBLE SCORE | H62: =VC_NEW2!C27 -> T50P | I62: =VC_NEW2!D27 -> 0 | J62: =VC_NEW2!E27 -> 0 | K62: =VC_NEW2!F27 -> 0 | L62: =VC_NEW2!G27 -> 0 | M62: =VC_NEW2!H27 -> 0 | N62: =VC_NEW2!I27 -> 0 | O62: =VC_NEW2!J27 -> 0 | ... HC62: =VC_NEW2!GX27 -> 0
A63: PA3721 | B63: nalC | C63: MER | D63: + | E63: 0,5/0,25 | F63: Loss of function | G63: DOBLE SCORE | H63: =VC_NEW2!C27 -> T50P | I63: =VC_NEW2!D27 -> 0 | J63: =VC_NEW2!E27 -> 0 | K63: =VC_NEW2!F27 -> 0 | L63: =VC_NEW2!G27 -> 0 | M63: =VC_NEW2!H27 -> 0 | N63: =VC_NEW2!I27 -> 0 | O63: =VC_NEW2!J27 -> 0 | ... HC63: =VC_NEW2!GX27 -> 0
A64: PA3721 | B64: nalC | C64: CIP | D64: + | E64: 0,5/0,25 | F64: Loss of function | G64: DOBLE SCORE | H64: =VC_NEW2!C27 -> T50P | I64: =VC_NEW2!D27 -> 0 | J64: =VC_NEW2!E27 -> 0 | K64: =VC_NEW2!F27 -> 0 | L64: =VC_NEW2!G27 -> 0 | M64: =VC_NEW2!H27 -> 0 | N64: =VC_NEW2!I27 -> 0 | O64: =VC_NEW2!J27 -> 0 | ... HC64: =VC_NEW2!GX27 -> 0
A65: PA3721 | B65: nalC | C65: C/T | D65: + | E65: 0,25/0,125 | F65: Loss of function | G65: DOBLE SCORE | H65: =VC_NEW2!C27 -> T50P | I65: =VC_NEW2!D27 -> 0 | J65: =VC_NEW2!E27 -> 0 | K65: =VC_NEW2!F27 -> 0 | L65: =VC_NEW2!G27 -> 0 | M65: =VC_NEW2!H27 -> 0 | N65: =VC_NEW2!I27 -> 0 | O65: =VC_NEW2!J27 -> 0 | ... HC65: =VC_NEW2!GX27 -> 0
A66: PA3999 | B66: dacC/PBP5 | C66: CAZ | D66: + | E66: 0.125 | F66: Gain of function | G66: NO INDEL/CODON STOP | H66: =VC_NEW2!C28 -> 0 | I66: =VC_NEW2!D28 -> 0 | J66: =VC_NEW2!E28 -> 0 | K66: =VC_NEW2!F28 -> 0 | L66: =VC_NEW2!G28 -> 0 | M66: =VC_NEW2!H28 -> 0 | N66: =VC_NEW2!I28 -> 0 | O66: =VC_NEW2!J28 -> 0 | ... HC66: =VC_NEW2!GX28 -> 0
A67: PA4003 | B67: pbpA/PBP2 | C67: MER | D67: + | E67: 0.25 | F67: Gain of function | G67: NO INDEL/CODON STOP | H67: =VC_NEW2!C29 -> 0 | I67: =VC_NEW2!D29 -> 0 | J67: =VC_NEW2!E29 -> 0 | K67: =VC_NEW2!F29 -> 0 | L67: =VC_NEW2!G29 -> 0 | M67: =VC_NEW2!H29 -> 0 | N67: =VC_NEW2!I29 -> 0 | O67: =VC_NEW2!J29 -> 0 | ... HC67: =VC_NEW2!GX29 -> 0
A68: PA4020 | B68: mpl | C68: CAZ | D68: + | E68: 0,5/0,25 | F68: Loss of function | G68: DOBLE SCORE | H68: =VC_NEW2!C30 -> 0 | I68: =VC_NEW2!D30 -> A356V | J68: =VC_NEW2!E30 -> 0 | K68: =VC_NEW2!F30 -> 0 | L68: =VC_NEW2!G30 -> 0 | M68: =VC_NEW2!H30 -> 0 | N68: =VC_NEW2!I30 -> 0 | O68: =VC_NEW2!J30 -> 0 | ... HC68: =VC_NEW2!GX30 -> 0
A69: PA4020 | B69: mpl | C69: MER | D69: + | E69: 0,25/0,125 | F69: Loss of function | G69: DOBLE SCORE | H69: =VC_NEW2!C30 -> 0 | I69: =VC_NEW2!D30 -> A356V | J69: =VC_NEW2!E30 -> 0 | K69: =VC_NEW2!F30 -> 0 | L69: =VC_NEW2!G30 -> 0 | M69: =VC_NEW2!H30 -> 0 | N69: =VC_NEW2!I30 -> 0 | O69: =VC_NEW2!J30 -> 0 | ... HC69: =VC_NEW2!GX30 -> 0
A70: PA4020 | B70: mpl | C70: C/T | D70: + | E70: 0,25/0,125 | F70: Loss of function | G70: DOBLE SCORE | H70: =VC_NEW2!C30 -> 0 | I70: =VC_NEW2!D30 -> A356V | J70: =VC_NEW2!E30 -> 0 | K70: =VC_NEW2!F30 -> 0 | L70: =VC_NEW2!G30 -> 0 | M70: =VC_NEW2!H30 -> 0 | N70: =VC_NEW2!I30 -> 0 | O70: =VC_NEW2!J30 -> 0 | ... HC70: =VC_NEW2!GX30 -> 0
A71: PA4109 | B71: ampR | C71: CAZ | D71: + | E71: 1 | F71: Gain of function | G71: ONLY: D135N, G154R | H71: =VC_NEW2!C31 -> 0 | I71: =VC_NEW2!D31 -> 0 | J71: =VC_NEW2!E31 -> 0 | K71: =VC_NEW2!F31 -> G273E | L71: =VC_NEW2!G31 -> 0 | M71: =VC_NEW2!H31 -> 0 | N71: =VC_NEW2!I31 -> 0 | O71: =VC_NEW2!J31 -> 0 | ... HC71: =VC_NEW2!GX31 -> 0
A72: PA4109 | B72: ampR | C72: MER | D72: + | E72: 0.25 | F72: Gain of function | G72: ONLY: D135N, G154R | H72: =VC_NEW2!C31 -> 0 | I72: =VC_NEW2!D31 -> 0 | J72: =VC_NEW2!E31 -> 0 | K72: =VC_NEW2!F31 -> G273E | L72: =VC_NEW2!G31 -> 0 | M72: =VC_NEW2!H31 -> 0 | N72: =VC_NEW2!I31 -> 0 | O72: =VC_NEW2!J31 -> 0 | ... HC72: =VC_NEW2!GX31 -> 0
A73: PA4109 | B73: ampR | C73: C/T | D73: + | E73: 0.25 | F73: Gain of function | G73: ONLY: D135N, G154R | H73: =VC_NEW2!C31 -> 0 | I73: =VC_NEW2!D31 -> 0 | J73: =VC_NEW2!E31 -> 0 | K73: =VC_NEW2!F31 -> G273E | L73: =VC_NEW2!G31 -> 0 | M73: =VC_NEW2!H31 -> 0 | N73: =VC_NEW2!I31 -> 0 | O73: =VC_NEW2!J31 -> 0 | ... HC73: =VC_NEW2!GX31 -> 0
A74: PA4110 | B74: ampC* (SOLO SI HIPEREXPRESION!) | C74: CAZ | D74: + | E74: 0,5/0,25 | F74: Gain of function | G74: DOBLE score (80-93, 205-254, 307-321, 342-344, 372-397) | H74: =VC_NEW2!C32 -> 0 | I74: =VC_NEW2!D32 -> 0 | J74: =VC_NEW2!E32 -> F6L | K74: =VC_NEW2!F32 -> 0 | L74: =VC_NEW2!G32 -> 0 | M74: =VC_NEW2!H32 -> L200F | N74: =VC_NEW2!I32 -> 0 | O74: =VC_NEW2!J32 -> 0 | ... HC74: =VC_NEW2!GX32 -> 0
A75: PA4110 | B75: ampC* (SOLO SI HIPEREXPRESION!) | C75: C/T | D75: + | E75: 0,75/0,375 | F75: Gain of function | G75: DOBLE score (80-93, 205-254, 307-321, 342-344, 372-397) | H75: =VC_NEW2!C32 -> 0 | I75: =VC_NEW2!D32 -> 0 | J75: =VC_NEW2!E32 -> F6L | K75: =VC_NEW2!F32 -> 0 | L75: =VC_NEW2!G32 -> 0 | M75: =VC_NEW2!H32 -> L200F | N75: =VC_NEW2!I32 -> 0 | O75: =VC_NEW2!J32 -> 0 | ... HC75: =VC_NEW2!GX32 -> 0
A76: PA4266 | B76: fusA1 | C76: TOB | D76: + | E76: 0,5/0,25 | F76: Gain of function | G76: DOBLE SCORE: I61M, V93A, E100G, K504E, Y552C, P554L, A555E, N592I, P618L, T671A, T671I | H76: =VC_NEW2!C33 -> 0 | I76: =VC_NEW2!D33 -> 0 | J76: =VC_NEW2!E33 -> 0 | K76: =VC_NEW2!F33 -> 0 | L76: =VC_NEW2!G33 -> 0 | M76: =VC_NEW2!H33 -> 0 | N76: =VC_NEW2!I33 -> 0 | O76: =VC_NEW2!J33 -> 0 | ... HC76: =VC_NEW2!GX33 -> 0
A77: PA4418 | B77: ftsI/PBP3 | C77: CAZ | D77: + | E77: 0,5/0,25 | F77: Gain of function | G77: DOBLE SCORE: 268, 283, 394, 504, 505, 527, 533 | H77: =VC_NEW2!C34 -> 0 | I77: =VC_NEW2!D34 -> 0 | J77: =VC_NEW2!E34 -> 0 | K77: =VC_NEW2!F34 -> 0 | L77: =VC_NEW2!G34 -> 0 | M77: =VC_NEW2!H34 -> 0 | N77: =VC_NEW2!I34 -> 0 | O77: =VC_NEW2!J34 -> 0 | ... HC77: =VC_NEW2!GX34 -> 0
A78: PA4418 | B78: ftsI/PBP3 | C78: MER | D78: + | E78: 0,5/0,25 | F78: Gain of function | G78: DOBLE SCORE: 268, 283, 394, 504, 505, 527, 533 | H78: =VC_NEW2!C34 -> 0 | I78: =VC_NEW2!D34 -> 0 | J78: =VC_NEW2!E34 -> 0 | K78: =VC_NEW2!F34 -> 0 | L78: =VC_NEW2!G34 -> 0 | M78: =VC_NEW2!H34 -> 0 | N78: =VC_NEW2!I34 -> 0 | O78: =VC_NEW2!J34 -> 0 | ... HC78: =VC_NEW2!GX34 -> 0
A79: PA4418 | B79: ftsI/PBP3 | C79: C/T | D79: + | E79: 0,5/0,25 | F79: Gain of function | G79: DOBLE SCORE: 268, 283, 394, 504, 505, 527, 533 | H79: =VC_NEW2!C34 -> 0 | I79: =VC_NEW2!D34 -> 0 | J79: =VC_NEW2!E34 -> 0 | K79: =VC_NEW2!F34 -> 0 | L79: =VC_NEW2!G34 -> 0 | M79: =VC_NEW2!H34 -> 0 | N79: =VC_NEW2!I34 -> 0 | O79: =VC_NEW2!J34 -> 0 | ... HC79: =VC_NEW2!GX34 -> 0
A80: PA4522 | B80: ampD | C80: CAZ | D80: + | E80: 1/0,5 | F80: Loss of function | G80: DOBLE SCORE | H80: =VC_NEW2!C35 -> 0 | I80: =VC_NEW2!D35 -> 0 | J80: =VC_NEW2!E35 -> 0 | K80: =VC_NEW2!F35 -> 0 | L80: =VC_NEW2!G35 -> L135Q | M80: =VC_NEW2!H35 -> 0 | N80: =VC_NEW2!I35 -> A96T | O80: =VC_NEW2!J35 -> 0 | ... HC80: =VC_NEW2!GX35 -> 0
A81: PA4522 | B81: ampD | C81: MER | D81: + | E81: 0,25/0,125 | F81: Loss of function | G81: DOBLE SCORE | H81: =VC_NEW2!C35 -> 0 | I81: =VC_NEW2!D35 -> 0 | J81: =VC_NEW2!E35 -> 0 | K81: =VC_NEW2!F35 -> 0 | L81: =VC_NEW2!G35 -> L135Q | M81: =VC_NEW2!H35 -> 0 | N81: =VC_NEW2!I35 -> A96T | O81: =VC_NEW2!J35 -> 0 | ... HC81: =VC_NEW2!GX35 -> 0
A82: PA4522 | B82: ampD | C82: C/T | D82: + | E82: 0,25/0,125 | F82: Loss of function | G82: DOBLE SCORE | H82: =VC_NEW2!C35 -> 0 | I82: =VC_NEW2!D35 -> 0 | J82: =VC_NEW2!E35 -> 0 | K82: =VC_NEW2!F35 -> 0 | L82: =VC_NEW2!G35 -> L135Q | M82: =VC_NEW2!H35 -> 0 | N82: =VC_NEW2!I35 -> A96T | O82: =VC_NEW2!J35 -> 0 | ... HC82: =VC_NEW2!GX35 -> 0
A83: PA4597 | B83: oprJ | C83: CIP | D83: - | F83: Loss of function | G83: SÓLO COMPROBAR SI ESTÁ ACTIVA | H83: =VC_NEW2!C36 -> 0 | I83: =VC_NEW2!D36 -> 0 | J83: =VC_NEW2!E36 -> 0 | K83: =VC_NEW2!F36 -> 0 | L83: =VC_NEW2!G36 -> 0 | M83: =VC_NEW2!H36 -> 0 | N83: =VC_NEW2!I36 -> 0 | O83: =VC_NEW2!J36 -> 0 | ... HC83: =VC_NEW2!GX36 -> 0
A84: PA4598 | B84: mexD | C84: CIP | D84: - | F84: Loss of function | H84: =VC_NEW2!C37 -> 0 | I84: =VC_NEW2!D37 -> 0 | J84: =VC_NEW2!E37 -> 0 | K84: =VC_NEW2!F37 -> 0 | L84: =VC_NEW2!G37 -> 0 | M84: =VC_NEW2!H37 -> R596S, L1027V | N84: =VC_NEW2!I37 -> 0 | O84: =VC_NEW2!J37 -> 0 | ... HC84: =VC_NEW2!GX37 -> 0
A85: PA4599 | B85: mexC | C85: CIP | D85: - | F85: Loss of function | H85: =VC_NEW2!C38 -> 0 | I85: =VC_NEW2!D38 -> V131M | J85: =VC_NEW2!E38 -> 0 | K85: =VC_NEW2!F38 -> 0 | L85: =VC_NEW2!G38 -> 0 | M85: =VC_NEW2!H38 -> V367A | N85: =VC_NEW2!I38 -> 0 | O85: =VC_NEW2!J38 -> 0 | ... HC85: =VC_NEW2!GX38 -> 0
A86: PA4600 | B86: nfxB (LA BOMBA tiene que ser funcional!) | C86: CIP | D86: + | E86: 1/0,5 | F86: Loss of function | G86: DOBLE SCORE | H86: =VC_NEW2!C39 -> 0 | I86: =VC_NEW2!D39 -> 0 | J86: =VC_NEW2!E39 -> 0 | K86: =VC_NEW2!F39 -> 0 | L86: =VC_NEW2!G39 -> 0 | M86: =VC_NEW2!H39 -> 0 | N86: =VC_NEW2!I39 -> 0 | O86: =VC_NEW2!J39 -> 0 | ... HC86: =VC_NEW2!GX39 -> 0
A87: PA4775 | B87: pmrA | C87: TOB | D87: + | E87: 0,5/0,25 | F87: Gain of function | G87: DOBLE SCORE: L157Q | H87: =VC_NEW2!C41 -> 0 | I87: =VC_NEW2!D41 -> 0 | J87: =VC_NEW2!E41 -> 0 | K87: =VC_NEW2!F41 -> 0 | L87: =VC_NEW2!G41 -> 0 | M87: =VC_NEW2!H41 -> D61N | N87: =VC_NEW2!I41 -> 0 | O87: =VC_NEW2!J41 -> 0 | ... HC87: =VC_NEW2!GX41 -> 0
A88: PA4776 | B88: pmrB | C88: TOB | D88: + | E88: 0,5/0,25 | F88: Gain of function | G88: DOBLE SCORE: L14P, A54V, R79H, R135Q, A247T, A248T, A248V, R259H, M292I, M292T | H88: =VC_NEW2!C42 -> 0 | I88: =VC_NEW2!D42 -> 0 | J88: =VC_NEW2!E42 -> 0 | K88: =VC_NEW2!F42 -> 0 | L88: =VC_NEW2!G42 -> 0 | M88: =VC_NEW2!H42 -> 0 | N88: =VC_NEW2!I42 -> 0 | O88: =VC_NEW2!J42 -> 0 | ... HC88: =VC_NEW2!GX42 -> 0
A89: PA4964 | B89: parC | C89: CIP | D89: + | E89: 0.5 | F89: Gain of function | G89: SOLO QRDR: 87 | H89: =VC_NEW2!C43 -> 0 | I89: =VC_NEW2!D43 -> 0 | J89: =VC_NEW2!E43 -> R441L | K89: =VC_NEW2!F43 -> S87W | L89: =VC_NEW2!G43 -> 0 | M89: =VC_NEW2!H43 -> 0 | N89: =VC_NEW2!I43 -> S87L | O89: =VC_NEW2!J43 -> 0 | ... HC89: =VC_NEW2!GX43 -> 0
A90: PA4967 | B90: parE | C90: CIP | D90: + | E90: 0.5 | F90: Gain of function | G90: SOLO QRDR: 457-459 | H90: =VC_NEW2!C44 -> 0 | I90: =VC_NEW2!D44 -> 0 | J90: =VC_NEW2!E44 -> 0 | K90: =VC_NEW2!F44 -> 0 | L90: =VC_NEW2!G44 -> E459V | M90: =VC_NEW2!H44 -> 0 | N90: =VC_NEW2!I44 -> P438S | O90: =VC_NEW2!J44 -> 0 | ... HC90: =VC_NEW2!GX44 -> 0
A91: PA5471.1 | B91: armZ | C91: TOB | D91: + | E91: 0,5/0,25 | F91: Loss of function | G91: DOBLE SCORE | H91: =VC_NEW2!C47 -> 0 | I91: =VC_NEW2!D47 -> 0 | J91: =VC_NEW2!E47 -> 0 | K91: =VC_NEW2!F47 -> 0 | L91: =VC_NEW2!G47 -> 0 | M91: =VC_NEW2!H47 -> A262S | N91: =VC_NEW2!I47 -> 0 | O91: =VC_NEW2!J47 -> 0 | ... HC91: =VC_NEW2!GX47 -> 0
A92: PA5485 | B92: ampDh2 | C92: CAZ | D92: + | E92: 0,25/0,125 | F92: Loss of function | G92: DOBLE SCORE | H92: =VC_NEW2!C48 -> 0 | I92: =VC_NEW2!D48 -> 0 | J92: =VC_NEW2!E48 -> 0 | K92: =VC_NEW2!F48 -> 0 | L92: =VC_NEW2!G48 -> 0 | M92: =VC_NEW2!H48 -> 0 | N92: =VC_NEW2!I48 -> 0 | O92: =VC_NEW2!J48 -> 0 | ... HC92: =VC_NEW2!GX48 -> P21Q
C93: TOB | G93: SCORE TOB | H93: 0 | I93: 0.25 | J93: 0 | K93: 0 | L93: 0.5 | M93: 0.5 | N93: 2 | O93: =VC_NEW!J87 -> 0 | P93: =VC_NEW!K87 -> 0 | Q93: =VC_NEW!L87 -> 0 | R93: 0.25 | S93: =VC_NEW!N87 -> 0 | T93: =VC_NEW!O87 -> 0 | U93: =VC_NEW!P87 -> 0 | V93: =VC_NEW!Q87 -> 0 | W93: =VC_NEW!R87 -> 0 | X93: =VC_NEW!S87 -> 0 | Y93: =VC_NEW!T87 -> 0 | Z93: 0 | AA93: =VC_NEW!V87 -> 0 | AB93: =VC_NEW!W87 -> 0 | AC93: 0.5 | AD93: =VC_NEW!Y87 -> 0 | AE93: 0.25 | AF93: =VC_NEW!AA87 -> 0 | AG93: =VC_NEW!AB87 -> 0 | AH93: =VC_NEW!AC87 -> 0 | AI93: =VC_NEW!AD87 -> 0 | AJ93: =VC_NEW!AE87 -> 0 | AK93: =VC_NEW!AF87 -> 0 | AL93: 0.5 | AM93: =VC_NEW!AH87 -> 0 | AN93: =VC_NEW!AI87 -> 0 | AO93: 0.25 | AP93: 0.25 | AQ93: 0.5 | AR93: =VC_NEW!AM87 -> 0 | AS93: =VC_NEW!AN87 -> 0 | AT93: 0 | AU93: =VC_NEW!AP87 -> 0 | AV93: =VC_NEW!AQ87 -> 0 | AW93: =VC_NEW!AR87 -> 0 | AX93: =VC_NEW!AS87 -> 0 | AY93: =VC_NEW!AT87 -> 0 | AZ93: =VC_NEW!AU87 -> 0 | BA93: 1.75 | BB93: =VC_NEW!AW87 -> 0 | BC93: 1.75 | BD93: =VC_NEW!AY87 -> 0 | BE93: 0.5 | BF93: 0.25 | BG93: 0.25 | BH93: =VC_NEW!BC87 -> 0 | BI93: 1.75 | BJ93: 1.25 | BK93: =VC_NEW!BF87 -> 0 | BL93: =VC_NEW!BG87 -> 0 | BM93: 0.25 | BN93: -0.5 | BO93: =VC_NEW!BJ87 -> 0 | BP93: 0 | BQ93: 0.25 | BR93: 1 | BS93: 1.75 | BT93: 1 | BU93: 0 | BV93: 0 | BW93: 0.25 | BX93: 0.25 | BY93: =VC_NEW!BT87 -> 0 | BZ93: 0.25 | CA93: =VC_NEW!BV87 -> 0 | CB93: =VC_NEW!BW87 -> 0 | CC93: 0.25 | CD93: 1.75 | CE93: =VC_NEW!BZ87 -> 0 | CF93: =VC_NEW!CA87 -> 0 | CG93: 0 | CH93: =VC_NEW!CC87 -> 0 | CI93: 0 | CJ93: 1.75 | CK93: 1.25 | CL93: =VC_NEW!CG87 -> 0 | CM93: 0.25 | CN93: =VC_NEW!CI87 -> 0 | CO93: =VC_NEW!CJ87 -> 0 | CP93: 1.75 | CQ93: 1.75 | CR93: 0 | CS93: =VC_NEW!CN87 -> 0 | CT93: =VC_NEW!CO87 -> 0 | CU93: =VC_NEW!CP87 -> 0 | CV93: =VC_NEW!CQ87 -> 0 | CW93: 0 | CX93: =VC_NEW!CS87 -> 0 | CY93: =VC_NEW!CT87 -> 0 | CZ93: 1.5 | DA93: =VC_NEW!CV87 -> 0 | DB93: 1.25 | DC93: =VC_NEW!CX87 -> 0 | DD93: 0.25 | DE93: =VC_NEW!CZ87 -> 0 | DF93: =VC_NEW!DA87 -> 0 | DG93: =VC_NEW!DB87 -> 0 | DH93: 0.25 | DI93: -0.5 | DJ93: 0 | DK93: 1.25 | DL93: 0.25 | DM93: 0.5 | DN93: -0.5 | DO93: 0 | DP93: =VC_NEW!DK87 -> 0 | DQ93: 0 | DR93: -0.25 | DS93: =VC_NEW!DN87 -> 0 | DT93: =VC_NEW!DO87 -> 0 | DU93: 1.25 | DV93: 0.25 | DW93: 1.75 | DX93: 0.25 | DY93: 0.25 | DZ93: =VC_NEW!DU87 -> 0 | EA93: 1.75 | EB93: =VC_NEW!DW87 -> 0 | EC93: =VC_NEW!DX87 -> 0 | ED93: 1 | EE93: 1.75 | EF93: -0.5 | EG93: 0.25 | EH93: 0.5 | EI93: 0.25 | EJ93: =VC_NEW!EE87 -> 0 | EK93: 0.25 | EL93: =VC_NEW!EG87 -> 0 | EM93: =VC_NEW!EH87 -> 0 | EN93: =VC_NEW!EI87 -> 0 | EO93: =VC_NEW!EJ87 -> 0 | EP93: =VC_NEW!EK87 -> 0 | EQ93: -0.5 | ER93: 0.25 | ES93: 0.25 | ET93: 0.5 | EU93: =VC_NEW!EP87 -> 0 | EV93: 0.5 | EW93: no evaluable | EX93: 0.25 | EY93: =VC_NEW!ET87 -> 0 | EZ93: 0.5 | FA93: 0.5 | FB93: =VC_NEW!EW87 -> 0 | FC93: =VC_NEW!EX87 -> 0 | FD93: 0 | FE93: 1.75 | FF93: =VC_NEW!FA87 -> 0 | FG93: 0.5 | FH93: =VC_NEW!FC87 -> 0 | FI93: 1.5 | FJ93: -0.5 | FK93: =VC_NEW!FF87 -> 0 | FL93: 1.25 | FM93: =VC_NEW!FH87 -> 0 | FN93: =VC_NEW!FI87 -> 0 | FO93: 0.25 | FP93: =VC_NEW!FK87 -> 0 | FQ93: 1.75 | FR93: =VC_NEW!FM87 -> 0 | FS93: 0.75 | FT93: =VC_NEW!FO87 -> 0 | FU93: 1.25 | FV93: 0.25 | FW93: 0.5 | FX93: 0.25 | FY93: =VC_NEW!FT87 -> 0 | FZ93: =VC_NEW!FU87 -> 0 | GA93: 1.75 | GB93: =VC_NEW!FW87 -> 0 | GC93: 0.25 | GD93: -0.5 | GE93: 0.5 | GF93: =VC_NEW!GA87 -> 0 | GG93: =VC_NEW!GB87 -> 0 | GH93: 0.25 | GI93: =VC_NEW!GD87 -> 0 | GJ93: 0.5 | GK93: 0.25 | GL93: 0.25 | GM93: 1.75 | GN93: 0.75 | GO93: =VC_NEW!GJ87 -> 0 | GP93: 0 | GQ93: =VC_NEW!GL87 -> 0 | GR93: =VC_NEW!GM87 -> 0 | GS93: =VC_NEW!GN87 -> 0 | GT93: =VC_NEW!GO87 -> 0 | GU93: 0.5 | GV93: =VC_NEW!GQ87 -> 0 | GW93: =VC_NEW!GR87 -> 0 | GX93: 1.25 | GY93: 1.5 | GZ93: =VC_NEW!GU87 -> 0 | HA93: =VC_NEW!GV87 -> 0 | HB93: 1.75 | HC93: 0.25
C94: CAZ | G94: SCORE CAZ | H94: 0.25 | I94: 0.25 | J94: 0 | K94: 0.5 | L94: 0.5 | M94: 0 | N94: 0.5 | O94: 0 | P94: 0 | Q94: =VC_NEW!L88 -> 0 | R94: 0.25 | S94: =VC_NEW!N88 -> 0 | T94: =VC_NEW!O88 -> 0 | U94: 0 | V94: 1 | W94: =VC_NEW!R88 -> 0 | X94: =VC_NEW!S88 -> 0 | Y94: =VC_NEW!T88 -> 0 | Z94: =VC_NEW!U88 -> 0 | AA94: =VC_NEW!V88 -> 0 | AB94: 0.375 | AC94: 0.5 | AD94: =VC_NEW!Y88 -> 0 | AE94: =VC_NEW!Z88 -> 0 | AF94: =VC_NEW!AA88 -> 0 | AG94: =VC_NEW!AB88 -> 0 | AH94: 0.375 | AI94: =VC_NEW!AD88 -> 0 | AJ94: =VC_NEW!AE88 -> 0 | AK94: 0.25 | AL94: =VC_NEW!AG88 -> 0 | AM94: 0 | AN94: =VC_NEW!AI88 -> 0 | AO94: 1.25 | AP94: =VC_NEW!AK88 -> 0 | AQ94: =VC_NEW!AL88 -> 0 | AR94: =VC_NEW!AM88 -> 0 | AS94: =VC_NEW!AN88 -> 0 | AT94: 0.25 | AU94: 1 | AV94: =VC_NEW!AQ88 -> 0 | AW94: =VC_NEW!AR88 -> 0 | AX94: =VC_NEW!AS88 -> 0 | AY94: =VC_NEW!AT88 -> 0 | AZ94: 0 | BA94: 1 | BB94: 0.5 | BC94: 1 | BD94: =VC_NEW!AY88 -> 0 | BE94: =VC_NEW!AZ88 -> 0 | BF94: =VC_NEW!BA88 -> 0 | BG94: 0.625 | BH94: =VC_NEW!BC88 -> 0 | BI94: 1.5 | BJ94: 2.5 | BK94: =VC_NEW!BF88 -> 0 | BL94: =VC_NEW!BG88 -> 0 | BM94: =VC_NEW!BH88 -> 0 | BN94: 1.25 | BO94: -0.5 | BP94: 0.25 | BQ94: -0.5 | BR94: 0.5 | BS94: 0.5 | BT94: 0.5 | BU94: 0 | BV94: 0.5 | BW94: 0.5 | BX94: 0.5 | BY94: =VC_NEW!BT88 -> 0 | BZ94: =VC_NEW!BU88 -> 0 | CA94: 1 | CB94: =VC_NEW!BW88 -> 0 | CC94: =VC_NEW!BX88 -> 0 | CD94: 1 | CE94: =VC_NEW!BZ88 -> 0 | CF94: 1 | CG94: =VC_NEW!CB88 -> 0 | CH94: =VC_NEW!CC88 -> 0 | CI94: =VC_NEW!CD88 -> 0 | CJ94: 1 | CK94: 1 | CL94: =VC_NEW!CG88 -> 0 | CM94: 2 | CN94: =VC_NEW!CI88 -> 0 | CO94: 0.5 | CP94: 1 | CQ94: 1.5 | CR94: =VC_NEW!CM88 -> 0 | CS94: 0.5 | CT94: 0.5 | CU94: 0.25 | CV94: =VC_NEW!CQ88 -> 0 | CW94: 0.5 | CX94: 0.25 | CY94: =VC_NEW!CT88 -> 0 | CZ94: 1 | DA94: =VC_NEW!CV88 -> 0 | DB94: =VC_NEW!CW88 -> 0 | DC94: =VC_NEW!CX88 -> 0 | DD94: 0.5 | DE94: =VC_NEW!CZ88 -> 0 | DF94: 0.25 | DG94: =VC_NEW!DB88 -> 0 | DH94: 0.25 | DI94: 0.75 | DJ94: 1.5 | DK94: 3 | DL94: 0.25 | DM94: =VC_NEW!DH88 -> 0 | DN94: 0.5 | DO94: 0.5 | DP94: 0.25 | DQ94: =VC_NEW!DL88 -> 0 | DR94: 0.5 | DS94: 0.25 | DT94: =VC_NEW!DO88 -> 0 | DU94: 0.25 | DV94: =VC_NEW!DQ88 -> 0 | DW94: 0.75 | DX94: =VC_NEW!DS88 -> 0 | DY94: =VC_NEW!DT88 -> 0 | DZ94: =VC_NEW!DU88 -> 0 | EA94: 1.5 | EB94: 0.5 | EC94: 0.75 | ED94: -0.5 | EE94: 2.5 | EF94: 0.5 | EG94: -0.25 | EH94: 1.25 | EI94: 0 | EJ94: 0.5 | EK94: 0.75 | EL94: 1.5 | EM94: =VC_NEW!EH88 -> 0 | EN94: 0.5 | EO94: =VC_NEW!EJ88 -> 0 | EP94: =VC_NEW!EK88 -> 0 | EQ94: 0.5 | ER94: =VC_NEW!EM88 -> 0 | ES94: 0.5 | ET94: 0.25 | EU94: 1 | EV94: =VC_NEW!EQ88 -> 0 | EW94: NO EVALUABLE | EX94: =VC_NEW!ES88 -> 0 | EY94: =VC_NEW!ET88 -> 0 | EZ94: =VC_NEW!EU88 -> 0 | FA94: 0.5 | FB94: =VC_NEW!EW88 -> 0 | FC94: 0.75 | FD94: =VC_NEW!EY88 -> 0 | FE94: 0.625 | FF94: 0 | FG94: =VC_NEW!FB88 -> 0 | FH94: =VC_NEW!FC88 -> 0 | FI94: 1.5 | FJ94: 0.5 | FK94: 0.5 | FL94: 0.75 | FM94: =VC_NEW!FH88 -> 0 | FN94: =VC_NEW!FI88 -> 0 | FO94: =VC_NEW!FJ88 -> 0 | FP94: =VC_NEW!FK88 -> 0 | FQ94: 0.25 | FR94: 0.5 | FS94: =VC_NEW!FN88 -> 0 | FT94: =VC_NEW!FO88 -> 0 | FU94: 0.5 | FV94: =VC_NEW!FQ88 -> 0 | FW94: 0.5 | FX94: 0.25 | FY94: 0.125 | FZ94: =VC_NEW!FU88 -> 0 | GA94: 2 | GB94: 1.25 | GC94: =VC_NEW!FX88 -> 0 | GD94: =VC_NEW!FY88 -> 0 | GE94: =VC_NEW!FZ88 -> 0 | GF94: 0.25 | GG94: =VC_NEW!GB88 -> 0 | GH94: =VC_NEW!GC88 -> 0 | GI94: 0.25 | GJ94: =VC_NEW!GE88 -> 0 | GK94: =VC_NEW!GF88 -> 0 | GL94: =VC_NEW!GG88 -> 0 | GM94: =VC_NEW!GH88 -> 0 | GN94: 0.5 | GO94: 0.75 | GP94: =VC_NEW!GK88 -> 0 | GQ94: =VC_NEW!GL88 -> 0 | GR94: 0.25 | GS94: 0.5 | GT94: 0.75 | GU94: =VC_NEW!GP88 -> 0 | GV94: 0.25 | GW94: =VC_NEW!GR88 -> 0 | GX94: 0.25 | GY94: 1 | GZ94: =VC_NEW!GU88 -> 0 | HA94: =VC_NEW!GV88 -> 0 | HB94: 1.5 | HC94: 0
C95: MER | G95: SCORE MER | H95: 0.25 | I95: 0.375 | J95: 0 | K95: 0.5 | L95: 1.125 | M95: 0 | N95: 1.625 | O95: =VC_NEW!J89 -> 0 | P95: 0 | Q95: 0 | R95: 0.25 | S95: =VC_NEW!N89 -> 0 | T95: =VC_NEW!O89 -> 0 | U95: 0 | V95: 0.875 | W95: =VC_NEW!R89 -> 0 | X95: =VC_NEW!S89 -> 0 | Y95: =VC_NEW!T89 -> 0 | Z95: 0 | AA95: 0.25 | AB95: 0.25 | AC95: 0.75 | AD95: 0 | AE95: 0.75 | AF95: 0 | AG95: 0 | AH95: 0.375 | AI95: =VC_NEW!AD89 -> 0 | AJ95: =VC_NEW!AE89 -> 0 | AK95: 0.5 | AL95: 1 | AM95: 0.5 | AN95: =VC_NEW!AI89 -> 0 | AO95: 1 | AP95: 0 | AQ95: 0.5 | AR95: 0 | AS95: 0.5 | AT95: 0.625 | AU95: 0.25 | AV95: 0 | AW95: 0.25 | AX95: 0 | AY95: 0 | AZ95: 0 | BA95: 1.25 | BB95: 1 | BC95: 1.25 | BD95: 0 | BE95: 0.75 | BF95: 0 | BG95: 0.625 | BH95: =VC_NEW!BC89 -> 0 | BI95: 0.75 | BJ95: 1.25 | BK95: 0 | BL95: 0 | BM95: 0 | BN95: 1 | BO95: 0 | BP95: 0.25 | BQ95: 0 | BR95: 0.25 | BS95: 1.125 | BT95: 1.5 | BU95: 0 | BV95: 0.125 | BW95: 1 | BX95: 0.375 | BY95: 0 | BZ95: 0 | CA95: 0.625 | CB95: 0 | CC95: 0.25 | CD95: 1.25 | CE95: 0 | CF95: 0.75 | CG95: 0.25 | CH95: 0 | CI95: 0.25 | CJ95: 1.25 | CK95: 1.25 | CL95: 0.25 | CM95: 3 | CN95: 0 | CO95: 0.375 | CP95: 1.25 | CQ95: 1.375 | CR95: 0 | CS95: 0.625 | CT95: 0.125 | CU95: 0.375 | CV95: 0 | CW95: 0.5 | CX95: 0.25 | CY95: 0 | CZ95: 1.5 | DA95: 0.25 | DB95: 0.25 | DC95: 0 | DD95: 0.125 | DE95: 0 | DF95: 0.25 | DG95: 0 | DH95: 0.125 | DI95: 0.75 | DJ95: 1.25 | DK95: 2.625 | DL95: 0.375 | DM95: 0.5 | DN95: 0.5 | DO95: 0.125 | DP95: 0.5 | DQ95: 0 | DR95: -0.25 | DS95: 0.125 | DT95: 0 | DU95: 0.125 | DV95: 0.5 | DW95: 1.125 | DX95: 0.25 | DY95: 0.25 | DZ95: 0.25 | EA95: 2.5 | EB95: 0.5 | EC95: 0.75 | ED95: 0.25 | EE95: 3.125 | EF95: 0.5 | EG95: 0.5 | EH95: 1.875 | EI95: 0.25 | EJ95: 1.25 | EK95: 1.125 | EL95: 0.75 | EM95: 0 | EN95: 0.25 | EO95: 0 | EP95: 0 | EQ95: 0.25 | ER95: 0.25 | ES95: 1.25 | ET95: -0.125 | EU95: 1.25 | EV95: =VC_NEW!EQ89 -> 0 | EW95: no evaluable | EX95: 0 | EY95: 0.25 | EZ95: 0.5 | FA95: 1.5 | FB95: 0.25 | FC95: 0.5 | FD95: 0 | FE95: 1.375 | FF95: 0 | FG95: 0 | FH95: 0.25 | FI95: 1.375 | FJ95: 0.5 | FK95: 0.625 | FL95: 0.375 | FM95: 0 | FN95: 0 | FO95: 0 | FP95: 0.5 | FQ95: 0.625 | FR95: 0.5 | FS95: 0.5 | FT95: 0 | FU95: 0.75 | FV95: 0 | FW95: 0.5 | FX95: 0.5 | FY95: 0 | FZ95: 0 | GA95: 3 | GB95: 1.25 | GC95: 0.25 | GD95: -0.5 | GE95: 0.25 | GF95: 0.25 | GG95: 0 | GH95: 0.25 | GI95: 0.25 | GJ95: 0.25 | GK95: 0.25 | GL95: 0.25 | GM95: 0.5 | GN95: 1.125 | GO95: 0.375 | GP95: 0 | GQ95: 0 | GR95: 0.25 | GS95: 0.375 | GT95: 0.375 | GU95: 0.25 | GV95: 0.25 | GW95: =VC_NEW!GR89 -> 0 | GX95: 1 | GY95: 1.25 | GZ95: 0 | HA95: 0.25 | HB95: 1.75 | HC95: 0.5
